name,source,gender,wikidata,type
"'דליה רביקוביץ",,,,way
355,,,,way
356,,,,way
421,,,,way
428,,,,way
440,,,,way
443,,,,way
444,,,,way
470,,,,way
589,,,,way
614,,,,way
615,,,,way
666,,,,way
668,,,,way
693,,,,way
856,,,,way
907,,,,way
921,,,,way
980,,,,way
1019,,,,way
1024,,,,way
1063,,,,way
1080,,,,way
1096,,,,way
1098,,,,way
1099,,,,way
1100,,,,way
1112,,,,way
1115,,,,way
1116,,,,way
1130,,,,way
1133,,,,way
1174,,,,way
1179,,,,way
1183,,,,way
1184,,,,way
1221,,,,way
1235,,,,way
1238,,,,way
1239,,,,way
1240,,,,way
1247,,,,way
1252,,,,way
1253,,,,way
1274,,,,way
1276,,,,way
1277,,,,way
1279,,,,way
1285,,,,way
1310,,,,way
1318,,,,way
1345,,,,way
1364,,,,way
2040,,,,way
2143,,,,way
2170,,,,way
2184,,,,way
2185,,,,way
2188,,,,way
2213,,,,way
2228,,,,way
2229,,,,way
2232,,,,way
2233,,,,way
2234,,,,way
2294,,,,way
2295,,,,way
2296,,,,way
2297,,,,way
2298,,,,way
2299,,,,way
2362,,,,way
2364,,,,way
2379,,,,way
2380,,,,way
2386,,,,way
2410,,,,way
2411,,,,way
2425,,,,way
2430,,,,way
2433,,,,way
2436,,,,way
2437,,,,way
2438,,,,way
2439,,,,way
3017,,,,way
3028,,,,way
3029,,,,way
3102,,,,way
3161,,,,way
3175,,,,way
3180,,,,way
3197,,,,way
3198,,,,way
3249,,,,way
3320,,,,way
3336,,,,way
3338,,,,way
3341,,,,way
3350,,,,way
3351,,,,way
3357,,,,way
3361,,,,way
3362,,,,way
3381,,,,way
3383,,,,way
3388,,,,way
3389,,,,way
"3404 / 403 יפו",,,,way
3426,,,,way
3429,,,,way
3555,,,,way
3615,,,,way
3628,,,,way
3629,,,,way
3677,,,,way
3694,,,,way
3768,,,,way
3785,,,,way
3789,,,,way
3807,,,,way
3813,,,,way
3817,,,,way
3832,,,,way
3846,,,,way
3858,,,,way
3863,,,,way
3870,,,,way
3883,,,,way
3887,,,,way
3888,,,,way
3889,,,,way
3903,,,,way
3907,,,,way
3908,,,,way
3929,,,,way
3931,,,,way
3941,,,,way
3945,,,,way
3948,,,,way
3949,,,,way
3955,,,,way
3956,,,,way
3957,,,,way
3959,,,,way
3961,,,,way
3965,,,,way
3967,,,,way
3969,,,,way
3970,,,,way
3976,,,,way
4206,,,,way
4214,,,,way
4826,,,,way
4834,,,,way
4837,,,,way
4842,,,,way
4843,,,,way
4856,,,,way
4863,,,,way
4865,,,,way
4869,,,,way
4870,,,,way
4871,,,,way
4873,,,,way
4878,,,,way
4882,,,,way
4884,,,,way
4885,,,,way
4886,,,,way
4887,,,,way
4890,,,,way
4892,,,,way
4897,,,,way
E,,,,way
HaNarkis,,,,way
"Joseph Schmidt path",,,,way
"Simtat Bar Yohai",,,,way
"foot path to law school",,,,way
"park path",,,,way
אב,,,,way
"אבא אחימאיר",,,,way
"אבא ברדיצ'ב",,,,way
"אבא ושרה נאמן",,,,way
"אבא קובנר",,,,way
אבודרהם,,,,way
אבולעפיה,,,,way
אבוקה,,,,way
אבטליון,,,,way
אביאסף,,,,way
"אביגדור המאירי",,,,way
"אבידן שמעון",,,,way
אביטל,,,,way
אבימלך,,,,way
"אביצור שמואל",,,,way
אבישי,,,,way
"אבן חלדון",,,,way
"אבן סינא",,,,way
"אבן ספיר",,,,way
"אבן רשד",,,,way
אבנר,,,,way
אברבנאל,,,,way
"אברהם אבן שושן",,,,way
"אברהם בויאר",,,,way
"אברהם ברוידס",,,,way
"אברהם ענתבי",,,,way
"אברהם שלונסקי",,,,way
"אבשלום חביב",,,,way
אגדתי,,,,way
אגריפס,,,,way
"אד קוץ'",,,,way
"אדוארד ברנשטיין",,,,way
"אדיל עאזר",,,,way
אדירים,,,,way
"אדם ברוך",,,,way
"אדם הכהן",,,,way
אדר,,,,way
"אהבת ציון",,,,way
אהוד,,,,way
"אהלי יעקב",,,,way
"אהרון בקר",,,,way
"אהרון דוד גורדון",,,,way
"אהרון מסקין",,,,way
אהרונוביץ',,,,way
"אהרן איתין",,,,way
אוארבך,,,,way
אוגרית,,,,way
"אוהב ישראל",,,,way
אוז'שקובה,,,,way
אוליפנט,,,,way
אונטרמן,,,,way
אונקלוס,,,,way
"אוסוולדו ארניה",,,,way
"אוסיפ מנדלשטס",,,,way
אוסישקין,,,,way
"אוסקר שינדלר",,,,way
אופטושו,,,,way
אופיר,,,,way
אופנהיימר,,,,way
אופקים,,,,way
"אור החיים",,,,way
"אורי צבי גרינברג",,,,way
"אורי קיסרי",,,,way
"אוריאל אקוסטה",,,,way
אורים,,,,way
אושה,,,,way
"אז""ר",,,,way
אזוב,,,,way
"אח""י דקר",,,,way
אחווה,,,,way
"אחוזת בית",,,,way
אחילוף,,,,way
אחימעץ,,,,way
אחיעזר,,,,way
אחרון,,,,way
אידלסון,,,,way
אייבשיץ,,,,way
אייגר,,,,way
"אייזיק רמבה",,,,way
"אייזק חריף",,,,way
"איילון דרום",,,,way
"איילון צפון",,,,way
"איילת השחר",,,,way
אייר,,,,way
איל״ן,,,,way
אימבר,,,,way
אינשטיין,,,,way
איסקוב,,,,way
אירוס,,,,way
איתיאל,,,,way
"איתמר בן אב""י",,,,way
"איתן לבני",,,,way
"אלבז נתן",,,,way
"אלדד הדני",,,,way
אלול,,,,way
אלוף,,,,way
"אלוף אלברט מנדלר",,,,way
"אלוף בצלות",,,,way
"אלוף קלמן מגן",,,,way
אלחריזי,,,,way
"אלי כהן",,,,way
אליאשברג,,,,way
"אליהו (קשאק) עמיקם",,,,way
"אליהו בחור",,,,way
"אליהו בית צורי",,,,way
"אליהו ברלין",,,,way
"אליהו גלעזר",,,,way
"אליהו חכים",,,,way
"אליהו מפרארה",,,,way
"אליהו ספיר",,,,way
"אליזבת ברגנר",,,,way
"אליעז רפאל",,,,way
"אליעזר בן הורקנוס",,,,way
"אליעזר לבונה",,,,way
"אליעזר קשאני",,,,way
"אליעזר שטיינמן",,,,way
אליפלט,,,,way
אליקום,,,,way
אלישיב,,,,way
"אלכסנדר אוריה בוסקוביץ'",,,,way
"אלכסנדר ארגוב",,,,way
"אלכסנדר זייד",,,,way
"אלכסנדר ינאי",,,,way
"אלכסנדר פן",,,,way
אלמגור,,,,way
אלנבי,,,,relation+way
"אלעזר בן יוסי",,,,way
"אלעזר בן עזריה",,,,way
"אלעזר החורני",,,,way
"אלעזר רוקח",,,,way
אלפסי,,,,way
אלקלעי,,,,way
אלרואי,,,,way
אלשיך,,,,way
אלתרמן,,,,way
אמונים,,,,way
אמזלג,,,,way
"אמיל זולא",,,,relation+way
"אמיר גלבוע",,,,way
אמירים,,,,way
"אמנון ותמר",,,,way
אמסטרדם,,,,way
אמץ,,,,way
אנגל,,,,way
אנדריוס,,,,way
אנדרסן,,,,way
אנוכי,,,,way
אנטוקולסקי,,,,way
אנטיגונוס,,,,way
"אני מאמין",,,,way
אנסקי,,,,way
"אסא קדמוני",,,,way
"אסירי ציון",,,,way
"אסף הרופא",,,,way
"אסתר המלכה",,,,way
"אפ""ק",,,,way
אפטר,,,,way
אפלטון,,,,way
אפק,,,,way
אפשטיין,,,,way
"אפשטיין יעקב",,,,way
"אצ""ל",,,,way
"אקסלרוד נתן",,,,way
"ארבע ארצות",,,,way
"ארדון מרדכי",,,,way
ארזי,,,,way
"ארטר יצחק",,,,way
אריאל,,,,way
"אריאל שרון",,,,way
"אריה אלטמן",,,,way
"אריה גלבלום",,,,way
"אריה דה מודינה",,,,way
"אריה דולצ'ין",,,,way
"אריה דיסנצ'יק",,,,way
"אריה לובה אליאב",,,,way
"אריה סוסליק",,,,way
"אריה עקיבא",,,,way
"אריה פסטרנק",,,,way
"אריה שרון",,,,way
אריסטו,,,,way
אריסטובולוס,,,,way
ארלוזורוב,,,,way
ארלינג'ר,,,,way
ארנון,,,,relation
"ארתור רובינשטיין",,,,way
אשדוד,,,,way
אשקלון,,,,way
"אשר ברש",,,,way
"אשתורי הפרחי",,,,way
ב',,,,way
באכר,,,,way
באסולה,,,,way
"באר טוביה",,,,way
"באר יעקב",,,,way
"באר שבע",,,,way
בארט,,,,way
בארי,,,,way
בבלי,,,,way
בדולח,,,,way
בובליק,,,,way
"בוני העיר",,,,way
בוסל,,,,way
בוסתנאי,,,,way
בועז,,,,way
"בוקי בן יגלי",,,,way
בורוכוב,,,,way
בורמה,,,,way
בושם,,,,way
בזל,,,,way
ביילינסון,,,,way
ביירון,,,,relation
"בילויה מעוז",,,,way
בילטמור,,,,way
ביצרון,,,,way
ביריה,,,,way
בירנבוים,,,,way
בירנית,,,,way
"בית אורן",,,,way
"בית אל",,,,way
"בית אלפא",,,,way
"בית אשל",,,,way
"בית גוברין",,,,way
"בית הבד",,,,way
"בית הלל",,,,way
"בית הקציר",,,,way
"בית חדש",,,,way
"בית חורון",,,,way
"בית יוסף",,,,way
"בית יצקר",,,,way
"בית ירח",,,,way
"בית לחם",,,,way
"בית עובד",,,,way
"בית פלט",,,,way
"בית קשת",,,,way
"בית רעים",,,,way
"בית שמאי",,,,way
ביתוס,,,,way
"בכורי ציון",,,,way
בלבן,,,,way
"בלום ליאון",,,,way
בלפור,,,,way
בלקינד,,,,way
בלשן,,,,way
"בן אביגדור",,,,way
"בן אחיטוב",,,,way
"בן אשר",,,,way
"בן גמליאל",,,,way
"בן דוסא",,,,way
"בן הלל",,,,way
"בן זבארה",,,,way
"בן זומא",,,,way
"בן זכאי",,,,way
"בן חסד",,,,way
"בן ישי",,,,way
"בן סירא",,,,way
"בן סירה יעקב",,,,way
"בן סרוק",,,,way
"בן עזאי",,,,way
"בן עמי",,,,way
"בן פרחיה",,,,way
"בן צבי",,,,way
"בן צדוק אלעזר",,,,way
"בן שמן",,,,way
"בן שפרוט",,,,way
בנבנישתי,,,,way
"בני אפרים",,,,way
"בני ברק",,,,way
"בני בתירא",,,,way
"בני דן",,,,way
"בני משה",,,,way
בניהו,,,,way
"בנימין ברגי",,,,way
"בנימין מטודלה",,,,way
בנימיני,,,,way
"בעל הטורים",,,,way
"בעל העקדה",,,,way
"בעלי התוספות",,,,way
בצלאל,,,,way
"בצלאל יפה",,,,way
"בצלאל לונדון",,,,way
בצרה,,,,way
"בר אילן",,,,way
"בר גיורא",,,,way
"בר הופמן",,,,way
"בר יוחאי",,,,way
"בר כוכבא",,,,way
בראלי,,,,way
ברגסון,,,,way
ברדיצ'בסקי,,,,way
ברודצקי,,,,way
"ברוך קרוא",,,,way
ברוריה,,,,way
ברזיל,,,,way
ברזילי,,,,way
ברטונוב,,,,way
בריינין,,,,way
ברכיה,,,,way
"ברכיהו הנקדן",,,,way
ברלינר,,,,way
ברנדייס,,,,way
ברנט,,,,way
ברנר,,,,way
"ברנשטיין כהן",,,,way
ברק,,,,way
ברקוביץ,,,,way
"ברתיני גארי",,,,way
"בת גלים",,,,way
"בת חן",,,,way
"בת ים",,,,way
"בת יפתח",,,,way
"בת עין",,,,way
"בת עמי",,,,way
"בת ציון",,,,way
"בת שבע דה רוטשילד",,,,way
"בת שבע כצנלסון",,,,way
"בתיה (לישנסקי)",,,,way
"ג'ורג' אליוט",,,,way
גאולה,,,,way
גבולות,,,,way
"גבירטיג מרדכי",,,,way
גבעולים,,,,way
גבעון,,,,way
"גבעת בן יהודה",,,,way
"גבעת המורה",,,,way
"גבעת התחמושת",,,,way
"גבעת כח",,,,way
גבעתי,,,,way
גדיש,,,,way
גדליה,,,,way
"גדנ""ע",,,,way
גדעון,,,,way
גדרה,,,,way
גואל,,,,way
גוז'יקוב,,,,way
גוטליב,,,,way
גולד,,,,way
גולדברג,,,,way
גולדפאדן,,,,way
גולומב,,,,way
גולומוב,,,,way
"גולי אריתריאה",,,,way
"גולי קניה",,,,way
גונן,,,,way
גופר,,,,way
"גורית קדמן",,,,way
גורקי,,,,way
"גוש חלב",,,,way
"גוש עציון",,,,way
"גז מטילדה",,,,way
גזית,,,,way
גזר,,,,way
גייגר,,,,way
גינוסר,,,,way
"גינת שלמה",,,,way
גיתית,,,,way
גלוסקא,,,,way
גלוסקין,,,,way
גליצנשטיין,,,,way
גליקסון,,,,way
גלעינית,,,,way
"גן הפסלים",,,,way
"גן לונדון",,,,way
"גן מאיר",,,,way
"גן פולק",,,,way
גנסין,,,,way
געש,,,,way
"גר צדק",,,,way
גרוזנברג,,,,way
גרונימן,,,,way
"גרטרוד קראוס",,,,way
גריזים,,,,way
גרינבוים,,,,way
גרץ,,,,way
"גרשון ש""ץ",,,,way
"גשר ""הקריה""",,,,way
"גשר אינשטיין",,,,way
"גשר בר יהודה",,,,way
"גשר היהלומים",,,,way
"גשר המכביה ה-15",,,,way
"גשר המכנסיים",,,,way
"גשר המשאלות",,,,way
"גשר השלושה",,,,way
"גשר התערוכה",,,,way
"גשר חלון ליפו",,,,way
"גשר נחושתן",,,,way
"גשר ע""ש יצחק מודעי",,,,way
"גשר עמק ברכה",,,,way
"גשר ראש ציפור",,,,way
"גשר תאו ומרגוט לובנגרט",,,,way
"גשרון גהה מערב",,,,way
"גת רימון",,,,way
"ד""ר אלי תבין",,,,way
"ד""ר אריה (ליאון) פוחובסקי",,,,way
"ד""ר ארליך",,,,way
"ד""ר בודנהיימר",,,,way
"ד""ר ג'ורג וייז",,,,way
"ד""ר ולבה יואל",,,,way
"ד""ר ולטר מוזס",,,,way
"ד""ר חיים ברודי",,,,way
"ד""ר חיים מנחם בסוק",,,,way
"ד""ר יוסף פומרוק",,,,way
"ד""ר כרמי יוגב",,,,way
"ד""ר קורין עזרא",,,,way
"ד""ר שלום לוין",,,,way
ד',,,,way
דאנטה,,,,way
"דב גרונר",,,,way
"דב האוזנר",,,,way
"דב הוז",,,,relation
"דב כרמי",,,,way
"דב ממזריץ",,,,way
"דבורה הנביאה",,,,way
"דבלין אלפרד",,,,way
דגן,,,,way
דגניה,,,,way
"דה האז",,,,way
"דה פיג'טו",,,,way
"דה פיליפ אדיס (אבן זהר)",,,,way
דובנוב,,,,way
"דוד אבידן",,,,way
"דוד אויסטרך",,,,way
"דוד אלמוג",,,,way
"דוד בוקשפן",,,,way
"דוד בלוך",,,,way
"דוד זליבנסקי",,,,way
"דוד חופשי",,,,way
"דוד חכמי",,,,way
"דוד טריטש",,,,way
"דוד ילין",,,,way
"דוד מרכוס",,,,way
"דוד רוטלוי",,,,way
"דוד רמז",,,,way
"דוד תדהר",,,,way
דודאים,,,,way
דוחן,,,,way
דוידקה,,,,way
דוליצקי,,,,way
"דונולו הרופא",,,,way
דורון,,,,way
"דוש (קריאל גרדוש)",,,,way
"די רוסי",,,,way
דימונה,,,,way
"דימיטר פשב",,,,way
דיצה,,,,way
דיק,,,,way
דישון,,,,way
"דם המכבים",,,,way
"דן לנר",,,,way
דניאל,,,,way
"דניאל סמבורסקי",,,,way
"דניאל פריש",,,,way
דנין,,,,way
דעואל,,,,way
דפנה,,,,way
דקל,,,,way
דרויאנוב,,,,way
דרור,,,,way
דרייפוס,,,,way
"דרך אריאל שרון",,,,way
"דרך ההגנה",,,,way
"דרך הפארק",,,,way
"דרך לוד",,,,way
"דרך שלמה",,,,way
"דרך תל-אביב",,,,way
דשבסקי,,,,way
"ה' באייר",,,,way
האגוז,,,,way
האגמון,,,,way
האומנים,,,,way
"האחים אל-כוויתי",,,,way
"האחים בילסקי",,,,way
"האחים מסלאויטה",,,,way
"האלוף עוזי נרקיס",,,,way
האלקושי,,,,way
האמוראים,,,,way
האסיף,,,,way
האספרגוס,,,,way
האקליפטוס,,,,way
"האר""י",,,,way
הארבעה,,,,way
הארד,,,,way
"הארון אל רשיד",,,,way
האשכולית,,,,way
האתרוג,,,,way
"הברון הירש",,,,way
הברוש,,,,way
הברזל,,,,way
הבשן,,,,way
הגבורה,,,,way
"הגדוד העברי",,,,way
הגולן,,,,way
"הגיבור האלמוני",,,,way
הגיבורים,,,,way
הגיחון,,,,way
הגלבוע,,,,way
הגליל,,,,way
הגלעד,,,,way
"הגמנסיה העברית",,,,way
הגפן,,,,way
"הגר""א",,,,way
הדגה,,,,way
הדגל,,,,way
הדואר,,,,way
הדולפין,,,,way
הדייגים,,,,way
הדמומית,,,,way
הדסה,,,,way
"הדף היומי",,,,way
"הדר יוסף",,,,way
ההגנה,,,,way
ההדס,,,,way
הוברמן,,,,way
הודיה,,,,way
הונא,,,,way
הופיין,,,,way
הורודצקי,,,,way
הושע,,,,way
הותיקים,,,,way
הזוהר,,,,way
הזית,,,,way
הזמיר,,,,way
הזרם,,,,way
החבצלת,,,,way
החותרים,,,,way
החטה,,,,way
החיזיון,,,,way
החלוצים,,,,way
החלפנים,,,,way
החצב,,,,way
החצוצרה,,,,way
החרוב,,,,way
החרוץ,,,,way
החרמון,,,,way
החרמש,,,,way
החרצית,,,,way
החרש,,,,way
החשמל,,,,way
"הט""ז",,,,way
"הטיילת ע""ש שלמה להט",,,,way
"הטיילת ע״ש שלמה להט",,,,way
הטייסים,,,,way
הידיד,,,,way
"היהודי זיס",,,,way
היימן,,,,way
"היינריך מנדלסון",,,,way
"היכל התלמוד",,,,way
הילדסהיימר,,,,way
היסוד,,,,way
היסמין,,,,way
הירדן,,,,way
הירקון,,,,relation+way
הירשביין,,,,way
הירשנברג,,,,way
היתד,,,,way
הכובשים,,,,way
הכוזרי,,,,way
הכינור,,,,way
הכישור,,,,way
הכלנית,,,,way
"הכנסת הגדולה",,,,way
הכרם,,,,relation
הכרמל,,,,way
"הל""ה",,,,way
הלוחמים,,,,way
הלוטוס,,,,way
הלימון,,,,way
"הלל הזקן",,,,way
"הלל עמר",,,,way
הלסינקי,,,,way
הלענה,,,,way
הלפיד,,,,way
הלפרין,,,,way
המאבק,,,,way
המבצעים,,,,way
המגדלור,,,,way
המגיד,,,,way
"המגיד מדובנא",,,,way
המגן,,,,way
המחוגה,,,,way
המכבי,,,,way
המכבש,,,,way
המלאכה,,,,way
המלחים,,,,way
המליץ,,,,way
"המלך אלברט",,,,way
"המלך חירם",,,,way
המנוע,,,,way
המנור,,,,way
המעיין,,,,way
המעפילים,,,,way
המערכה,,,,way
המפרש,,,,way
המצביאים,,,,way
המצפן,,,,way
המקצוע,,,,way
המרגנית,,,,way
המרד,,,,way
המרפא,,,,way
המשביר,,,,way
המשור,,,,way
המשלטים,,,,way
"המשמר האזרחי",,,,way
המשנה,,,,way
המתנדב,,,,way
הנגב,,,,way
הנגרים,,,,way
הנדיב,,,,way
הנוטר,,,,way
הנחושת,,,,way
"הניה פקלמן",,,,way
הניצנים,,,,way
הנציב,,,,way
"הנרייטה סולד",,,,way
הנשיאים,,,,way
"הסבא משפולה",,,,way
הסבוראים,,,,way
הסדנה,,,,way
הסוללים,,,,way
הסנה,,,,way
הספינה,,,,way
העבודה,,,,way
העוגב,,,,way
העוגן,,,,way
העלייה,,,,way
העמל,,,,way
הערמון,,,,way
"העתק פסיפס בית אלפא",,,,way
הפורצים,,,,way
הפטיש,,,,way
הפטמן,,,,way
הפלך,,,,way
"הפלמ""ח",,,,way
הפנינים,,,,way
הפרגים,,,,way
הפרדס,,,,way
"הפרטיזן היהודי",,,,way
הפרסה,,,,way
הצבי,,,,way
הצבר,,,,way
הצדף,,,,way
הצורפים,,,,way
הציפורן,,,,way
הצלף,,,,way
הצנחנים,,,,way
"הצפון החדש - החלק הדרומי",,,,relation
"הצפון החדש - החלק הצפוני",,,,relation
"הצפון החדש - סביבת ככר המדינה",,,,relation
הצפירה,,,,way
הצרי,,,,way
הקברניט,,,,way
הקונגרס,,,,way
הקיקיון,,,,way
הקישון,,,,way
הקליר,,,,way
הקלעים,,,,way
הקנאים,,,,way
הקרן,,,,way
הקשת,,,,way
"הר נבו",,,,way
"הר סיני",,,,way
"הר ציון",,,,way
"הרא""ש",,,,way
"הראב""ע",,,,way
"הראובני דוד",,,,way
הראל,,,,way
"הרב אהרונסון",,,,way
"הרב אליהו שרים",,,,way
"הרב אלנקוה",,,,way
"הרב גליקסברג",,,,way
"הרב הלר חיים",,,,way
"הרב הרצוג",,,,way
"הרב יוסף צוברי",,,,way
"הרב יעקב טראב",,,,way
"הרב יצחק ידידיה פרנקל",,,,way
"הרב יצחק רובינשטיין",,,,way
"הרב יצחק רילף",,,,way
"הרב לוי יצחק",,,,way
"הרב מבכרך",,,,way
"הרב מויטבסק",,,,way
"הרב מלילוב",,,,way
"הרב מקוטוב",,,,way
"הרב מקוצק",,,,way
"הרב מקרלין",,,,way
"הרב מרק",,,,way
"הרב ניסים",,,,way
"הרב עובדיה בידאני",,,,way
"הרב עוזיאל",,,,way
"הרב עמיאל",,,,way
"הרב פרידמן",,,,way
"הרב צירלסון",,,,way
"הרב קוק",,,,way
"הרב שלמה גורן",,,,way
"הרבי מבכרך",,,,way
"הרבי מפשיסחא",,,,way
"הרבסט קרול",,,,way
"הרברט סמואל",,,,relation+way
הרדוף,,,,way
"הרה""ג יחיא מחבוב",,,,way
"הרוגי מלכות",,,,way
הרודיון,,,,way
הרותם,,,,way
הרטגלס,,,,way
הרטוב,,,,way
הרימון,,,,way
הרכב,,,,way
הרכבי,,,,way
הרכבת,,,,way
הרכש,,,,way
"הרמן כהן",,,,way
הרן,,,,way
"הרנ""ה",,,,way
הרצל,,,,way
"הרצל רוזנבלום",,,,way
הרצפלד,,,,way
הרקפת,,,,way
הררי,,,,way
"הש""ך",,,,way
השומר,,,,way
השומרון,,,,way
"השופט חיים כהן",,,,way
"השופט נופך",,,,way
השופטים,,,,way
השופר,,,,way
השוק,,,,way
השחף,,,,way
השחקנים,,,,way
השחר,,,,way
השיבולת,,,,way
השיטה,,,,way
השיירות,,,,way
השילוח,,,,way
השכל,,,,way
"השל""ה",,,,way
השלום,,,,way
השלושה,,,,way
השלכת,,,,way
השנית,,,,way
השעורה,,,,way
השפלה,,,,way
השקמה,,,,way
השרביט,,,,way
השרון,,,,way
התאנה,,,,way
התבור,,,,way
התורן,,,,way
התחיה,,,,way
התיבונים,,,,way
התמר,,,,way
התנאים,,,,way
התנופה,,,,way
התניא,,,,way
התערוכה,,,,way
התעשיה,,,,way
התקוה,,,,way
התקומה,,,,way
"התשעים ושלוש",,,,way
ווג'ווד,,,,way
וולמן,,,,way
וולפסון,,,,way
וורמייזה,,,,way
ויזל,,,,way
"ויטל חיים",,,,way
ויינשל,,,,way
"וייס איזיק הירש",,,,way
וייסבורג,,,,way
"וילהלם פילדרמן",,,,way
וילון,,,,way
"וילי ברנדט",,,,way
וילנה,,,,way
וילסון,,,,way
וינגייט,,,,way
ויסוצקי,,,,way
ויצמן,,,,way
"ויקטור הוגו",,,,way
"ויקי שירן",,,,way
ויתקין,,,,way
וכטנגוב,,,,way
ולנסיה,,,,way
"ועידת קטוביץ'",,,,way
"וקנין רפי",,,,way
ורבורג,,,,way
ורד,,,,way
ורדיאל,,,,way
ורשבסקי,,,,way
ורשקובסקי,,,,way
ותיק,,,,way
"ז'אן ז'ורס",,,,relation
ז'בוטינסקי,,,,way
זאב,,,,way
"זאב ויינר",,,,way
"זאב רכטר",,,,way
זבד,,,,way
זבולון,,,,way
"זהבי דוד",,,,way
"זהרה לביטוב",,,,way
"זהרירה חריפאי",,,,way
זולצר,,,,way
זטורי,,,,way
זיגלבוים,,,,way
זימן,,,,way
זיקים,,,,way
"זכרון יעקב",,,,way
"זכרון קדושים",,,,way
זכריה,,,,way
"זכריה פראנקל",,,,way
"זכריה רצאבי",,,,way
זכריני,,,,way
"זלדה (שניאורסון מישקובסקי)",,,,way
זלוציסטי,,,,way
זלטופולסקי,,,,way
זליג,,,,way
"זלמן מייזל",,,,way
זמנהוף,,,,way
זנגביל,,,,way
זרובבל,,,,way
זרח,,,,way
זריצקי,,,,way
זרעים,,,,way
"חביבה רייך",,,,way
"חביבי אמיל",,,,way
"חבקוק הנביא",,,,way
"חבר הלאומים",,,,way
"חברה חדשה",,,,way
חברון,,,,way
"חברת ש""ס",,,,way
"חגי הנביא",,,,way
חדרה,,,,way
"חובבי ציון",,,,way
"חובות הלבבות",,,,way
חולדה,,,,way
"חומה ומגדל",,,,way
"חוני המעגל",,,,way
חזונוביץ,,,,way
חזק,,,,way
"חזקיהו המלך",,,,way
"חטיבת קרייתי",,,,way
"חידושי הרי""ם",,,,way
חיוג,,,,way
"חיי אדם",,,,way
"חייבי משה",,,,way
"חייל המשמר",,,,way
"חיים אלפרין",,,,way
"חיים בן עטר",,,,way
"חיים ברלב",,,,way
"חיים הזז",,,,way
"חיים ואלישע",,,,way
"חיים חבשוש",,,,way
"חיים סירני",,,,way
"חיים שורר",,,,way
"חייקה גרוסמן",,,,way
"חיל השריון",,,,way
חיננית,,,,way
חיסין,,,,way
חירותנו,,,,way
חיש,,,,way
"חכמי אתונה",,,,way
"חכמי ישראל",,,,way
"חכמי לובלין",,,,way
"חכמי קירואן",,,,way
חלמית,,,,way
"חנאניא יעקוב ג'ורג'",,,,way
"חנה אורלוף",,,,way
"חנה ומרדכי וייסר",,,,way
"חנה זמר",,,,way
"חנה מרון",,,,way
"חנה סנש",,,,way
"חנה רובינא",,,,way
חנוך,,,,way
"חנינא בן תרדיון",,,,way
חניתה,,,,way
חנקין,,,,way
"חסידי האומות",,,,way
"חפץ חיים",,,,way
חפר,,,,way
חצור,,,,way
חצרים,,,,way
"חריף אייזיק",,,,way
חשון,,,,way
"חת""ם סופר",,,,way
"ט""ז",,,,way
ט',,,,way
"טאג'יר שמואל וסולטנה",,,,way
טאגור,,,,way
טביוב,,,,way
טבריה,,,,way
טברסקי,,,,way
טבת,,,,way
טהון,,,,way
"טובה סנהדראי",,,,way
"טוביה הרופא",,,,way
טולדאנו,,,,way
טולוז,,,,way
טולקובסקי,,,,way
"טוני הלה",,,,way
"טור מלכא",,,,way
טורטשינר,,,,way
"טורי זהב",,,,way
טורקוב,,,,way
טיומקין,,,,way
"טייב יצחק",,,,way
"טיילת איילון",,,,way
"טיילת המדע",,,,way
"טיילת השער ליפו",,,,way
"טיילת מפרץ שלמה",,,,way
"טימן יעקב",,,,way
"טירת צבי",,,,way
טלמון,,,,way
טרומפלדור,,,,way
טרפון,,,,way
טשרניחובסקי,,,,way
"י""א",,,,way
"י""ב",,,,way
"י""ג",,,,way
"י. ל. גורדון",,,,way
"י.ל. פרץ",,,,way
יאיר,,,,way
"יאיר רוזנבלום",,,,way
יבנאל,,,,way
יבנה,,,,way
יגאל,,,,way
"יגאל מוסינזון",,,,way
יגור,,,,way
"יגיע כפיים",,,,way
"יד המעביר",,,,way
"יד חרוצים",,,,way
"ידעיה הפניני",,,,way
יהואש,,,,relation
"יהודה בורלא",,,,way
"יהודה גור",,,,way
"יהודה הימית",,,,way
"יהודה הלוי",,,,way
"יהודה המכבי",,,,way
"יהודה הנשיא",,,,way
"יהודה הצעיר",,,,way
"יהודה לייב הלוי ברסקי",,,,way
"יהודה מרגוזה",,,,way
"יהודה סומו",,,,way
"יהודה קרני",,,,way
"יהויכין סטוצ'בסקי",,,,way
יהונתן,,,,way
יהורם,,,,way
"יהושע בן נון",,,,way
"יהושע התלמי",,,,way
"יהושע רוזין",,,,way
יהל״ל,,,,way
יואב,,,,way
יואל,,,,way
יודפת,,,,way
"יוחנן הגדי",,,,way
"יוחנן הורקנוס",,,,way
"יוחנן הסנדלר",,,,way
יוטבת,,,,way
"יוכבד בת מרים",,,,way
"יום טוב",,,,way
יונדב,,,,way
"יונה הנביא",,,,way
יוניצמן,,,,way
"יונתן הופסי",,,,way
"יונתן רטוש",,,,way
"יוסי בן יוסי",,,,way
"יוסי בנאי",,,,way
"יוסי ידין",,,,way
"יוסף אליהו",,,,way
"יוסף אריכא",,,,way
"יוסף אשרמן",,,,way
"יוסף בוקסבאום",,,,way
"יוסף ברסלבי",,,,way
"יוסף דה לה ריינה",,,,way
"יוסף האפרתי",,,,way
"יוסף הייקל",,,,way
"יוסף הנשיא",,,,way
"יוסף הרמלין",,,,way
"יוסף יקותיאלי",,,,way
"יוסף לוי",,,,way
"יוסף לישנסקי",,,,way
"יוסף מילוא",,,,way
"יוסף סרלין",,,,way
"יוסף פעמוני",,,,way
יועזר,,,,way
יורה,,,,way
יורם,,,,way
"יורם קניוק",,,,way
"יורק שטיינר",,,,way
יזהר,,,,way
יחזקאל,,,,way
"יחזקאל קויפמן",,,,way
"יחזקאל שטרייכמן",,,,way
"יחיא קאפח",,,,way
"יחיאל דב דרזנר",,,,way
"יחיאל שמי",,,,way
יחיאלי,,,,way
יחיעם,,,,way
יינון,,,,way
"יל""ג",,,,way
"ילדי טהרן",,,,way
"ילין מור",,,,way
"ילקוט הרועים",,,,way
"ים סוף",,,,way
ימין,,,,way
יניב,,,,way
"יסוד המעלה",,,,way
יסעור,,,,way
יעבץ,,,,way
יעל,,,,way
"יעקב אבוטבול",,,,way
"יעקב דורי",,,,way
"יעקב וייס",,,,way
"יעקב וסרמן",,,,way
"יעקב זרובבל",,,,way
"יעקב חזן",,,,way
"יעקב מרידור",,,,way
"יעקב סלע",,,,way
"יעקב ריפמן",,,,way
"יעקב שבתאי",,,,way
"יעקובוב אוריאל",,,,way
"יפה נוף",,,,way
יפו,,,,way
יפעת,,,,way
יפרח,,,,way
יפת,,,,way
יפתח,,,,way
"יצחק (זיקו) גרציאני",,,,way
"יצחק אבינרי",,,,way
"יצחק אולשן",,,,way
"יצחק אלחנן",,,,way
"יצחק ארצי",,,,way
"יצחק בשביס זינגר",,,,way
"יצחק ויטנברג",,,,way
"יצחק חיותמן",,,,way
"יצחק חילו",,,,way
"יצחק טבנקין",,,,way
"יצחק ישראלי",,,,way
"יצחק פרלשטיין",,,,way
"יצחק רבין",,,,way
"יצחק שדה",,,,way
"יציאת אירופה",,,,way
יציץ,,,,way
יקותיאל,,,,way
יקנטון,,,,way
יקנעם,,,,way
ירבלום,,,,way
"ירוחם משל",,,,way
ירושלמי,,,,way
יריחו,,,,way
ירמיהו,,,,way
"יש""ר מקנדיה",,,,way
"ישה חפץ",,,,way
ישורון,,,,relation
"ישיבת וולוזי'ן",,,,way
ישכון,,,,way
ישעיהו,,,,way
"ישעיהו אברך",,,,way
"ישעיהו ליבוביץ",,,,way
"ישראל אשכנזי",,,,way
"ישראל ב""ק",,,,way
"ישראל בק",,,,way
"ישראל גלילי",,,,way
"ישראל טל",,,,way
"ישראל מסלנט",,,,way
"ישראל מריז'ין",,,,way
"ישראל שפירא",,,,way
ישראל'ס,,,,way
ישרש,,,,way
"כ""ג יורדי הסירה",,,,way
"כ""ץ יעקב יוסף",,,,way
כביר,,,,way
"כביש גהה",,,,way
"כביש ירושלים תל אביב",,,,way
"כביש תל אביב ירושלים",,,,way
"כביש תל-אביב נתניה",,,,way
כהנשטם,,,,way
"כוכבי יצחק",,,,way
כורזים,,,,way
כורש,,,,way
"כיכר 1336",,,,way
"כיכר אהוד אבריאל",,,,way
"כיכר איינשטיין",,,,way
"כיכר אילן",,,,way
"כיכר איסר הראל",,,,way
"כיכר אנטין",,,,relation
"כיכר אתרים",,,,relation
"כיכר בוני העיר",,,,way
"כיכר בצלאל",,,,way
"כיכר גבעון",,,,relation
"כיכר גוסטדינר",,,,way
"כיכר דיזנגוף (צינה)",,,,way
"כיכר דימיטר פשב",,,,relation
"כיכר הדמוקרטיה",,,,way
"כיכר היובל ע""ש אביבה ואורספלבר",,,,way
"כיכר היל",,,,way
"כיכר הכנסת",,,,relation
"כיכר המושבה",,,,relation
"כיכר המושבות",,,,way
"כיכר המלך אלברט",,,,way
"כיכר הנעדרים",,,,way
"כיכר השואה והתקומה",,,,way
"כיכר השעות היפות",,,,way
"כיכר וולפסון",,,,way
"כיכר חנה אבנור",,,,way
"כיכר חסידי אומות העולם",,,,way
"כיכר יוסי כרמל",,,,way
"כיכר מגן דוד",,,,way
"כיכר מוזיאון תל אביב",,,,relation
"כיכר מנדל",,,,way
"כיכר סגולה",,,,way
"כיכר פלומר",,,,way
"כיכר קדומים",,,,way
"כיכר קצה השדרה",,,,way
"כיכר שטרן מרדכי חיים",,,,relation
"כיכר שיח' בסאם אבו זיד",,,,way
"כיכר שעוני השמש",,,,way
"כיכר שרייבר",,,,way
כינרת,,,,way
כיסופים,,,,way
"כל ישראל חברים",,,,way
"כניסה למפעל רפאל",,,,way
"כנפי נשרים",,,,way
כסלו,,,,way
"כפר גלעדי",,,,way
"כפר יונה",,,,way
"כפר סבא",,,,way
"כרם התימנים",,,,way
"כרם חמד",,,,way
כרמי,,,,way
כרמיה,,,,way
כרמלית,,,,way
לאה,,,,way
"לאה ודוד איזמוז'יק",,,,way
"לאונרדו דה וינצ'י",,,,way
"לב אברהם",,,,way
"לב תל-אביב",,,,relation
לבון,,,,way
לבונטין,,,,way
לבלוב,,,,way
לבנדה,,,,way
לבנדובסקי,,,,way
"לבנדובסקי אליעזר",,,,way
"לה גווארדיה",,,,way
"לואי מרשל",,,,way
"לואי פסטר",,,,way
"לובה אליאב",,,,way
לודוויפול,,,,way
לוזים,,,,way
"לוחמי גליפולי",,,,way
"לוי אשכול",,,,way
"לויד ג'ורג'",,,,way
לויטה,,,,way
לויטן,,,,way
"לוין קיפניס",,,,way
"לוינסון אברהם",,,,way
לונץ,,,,way
לוריא,,,,way
"לח""י",,,,way
לחובר,,,,way
"ליב בן שרה",,,,way
ליברמן,,,,way
לייוויק,,,,way
"לילי מנחם",,,,way
ליליאן,,,,way
לילינבלום,,,,way
לינקולן,,,,way
ליסין,,,,way
ליפסקי,,,,way
ליפקין-שחק,,,,way
ליש,,,,way
לכיש,,,,way
למדן,,,,way
למואל,,,,way
למרטין,,,,way
"לנה קיכלר-זילברמן",,,,way
לסל,,,,relation
לסקר,,,,way
"לסר אורי",,,,way
לפידות,,,,way
לפין,,,,way
לצרוס,,,,way
לקרט,,,,way
לשם,,,,way
"מאור הגולה",,,,way
"מאור יעקב שב""י",,,,way
"מאור עינים",,,,way
"מאוריציו ויטלה",,,,way
"מאיר בינט",,,,way
"מאיר גרוסמן",,,,way
"מאיר יערי",,,,way
"מאיר מרגלית",,,,way
"מאיר נקר",,,,way
"מאיר פיינשטיין",,,,way
מאירבר,,,,way
מאנגר,,,,way
מאנה,,,,way
מאפו,,,,relation+way
"מארק שגאל",,,,way
"מבוא גילת",,,,way
"מבוא גניגר",,,,way
"מבוא געתון",,,,way
"מבוא גרופית",,,,way
"מבוא יוסט",,,,way
מבחר,,,,way
מבטחים,,,,way
"מבצע קדש",,,,way
מבקיעים,,,,way
מבשר,,,,way
מגדל,,,,way
"מגדל שורשן",,,,way
מגידו,,,,way
"מגן אברהם",,,,way
מגשימים,,,,way
"מדרגות אנדרומדה",,,,way
"מדרש פנחס",,,,way
"מדרש תנחומא",,,,way
"מהלל העדני",,,,way
"מהר""ל",,,,way
"מהרש""א",,,,way
"מהרש""ק יהודה",,,,way
מודיליאני,,,,way
מודיעין,,,,way
מוהליבר,,,,way
מוזס,,,,way
מוזר,,,,way
"מוחמד מרזוק",,,,way
"מוטה גור",,,,way
מויאל,,,,way
מולדת,,,,way
מולכו,,,,way
מוסינזון,,,,way
מוצא,,,,way
מור,,,,way
"מורדי הגטאות",,,,way
"מורה נבוכים",,,,way
"מוריץ דניאל",,,,way
מורשת,,,,way
"מורשת יהדות ליטא",,,,way
מושיע,,,,way
מזא''ה,,,,way
"מזל אריה",,,,way
"מזל בתולה",,,,way
"מזל גדי",,,,way
"מזל דגים",,,,way
"מזל דלי",,,,way
"מזל טלה",,,,way
"מזל מאזניים",,,,way
"מזל סרטן",,,,way
"מזל עקרב",,,,way
"מזל קשת",,,,way
"מזל שור",,,,way
"מזל תאומים",,,,way
מזרחי,,,,way
"מח""ל",,,,way
"מחנה יוסף",,,,way
מחרוזת,,,,way
מטולה,,,,way
מטלון,,,,way
"מטמון כהן",,,,way
מיזאן,,,,way
מיטב,,,,way
מיימון,,,,way
"מיכ""ל",,,,way
"מיכאל נאמן",,,,way
מיכה,,,,way
מיכלאנג'לו,,,,way
מינץ,,,,way
מינקובסקי,,,,way
מיצקביץ',,,,way
"מיקוניס שמואל",,,,way
מירון,,,,way
"מכלל יופי",,,,way
"מל""ן",,,,way
מלאכי,,,,way
"מלבי""ם",,,,way
"מלכי ישראל",,,,way
מלצ'ט,,,,way
מלקוש,,,,way
"מנדלי מוכר ספרים",,,,way
מנדלסון,,,,way
מנדלקרן,,,,way
מנדלשטם,,,,way
"מנדס פראנס",,,,way
"מנהרת עוזי חיטמן",,,,way
"מנהרת קרליבך",,,,way
מנוחה,,,,way
מנורה,,,,way
"מנורת המאור",,,,way
"מנחם ארבר",,,,way
"מנחם מדמון",,,,way
"מנחם מנדל בייליס",,,,way
"מנחם ריבולוב",,,,way
"מניה וישראל שוחט",,,,way
"מנשה בן ישראל",,,,way
"מסילה א",,,,way
"מסילה ב",,,,way
"מסילת העולים",,,,way
"מסילת וולפסון",,,,way
"מסילת ישרים",,,,way
"מסילת עולם",,,,way
"מסלול החושים האתגרי",,,,way
"מעבר יבוק",,,,way
מעון,,,,way
מענית,,,,way
"מעפילי אגוז",,,,way
"מעפילי סלואדור",,,,way
מצדה,,,,way
מצובה,,,,way
"מצודת בית""ר",,,,way
מצפה,,,,way
"מקוה ישראל",,,,way
"מקווה ישראל",,,,way
"מקור חיים",,,,way
"מקס ברוד",,,,way
"מקראי קדש",,,,way
מרגולין,,,,way
מרגוע,,,,way
"מרד גטו ורשה",,,,way
"מרדור מוניה",,,,way
"מרדכי אלקחי",,,,way
"מרדכי אנילביץ'",,,,way
"מרדכי בנטוב",,,,way
"מרדכי זעירא",,,,way
"מרדכי מאייר",,,,way
"מרדכי מקלף",,,,way
"מרדכי רומנו",,,,way
"מרזוק ועזר",,,,way
מרחביה,,,,way
"מרים החשמונאית",,,,way
מרכולת,,,,way
"מרכז בעלי מלאכה",,,,way
מרמורק,,,,way
"מרסל ינקו",,,,way
"מרק שגאל",,,,way
מרתון,,,,way
"משגב עם",,,,way
"משה ארם",,,,way
"משה ברזאני",,,,way
"משה בריל",,,,way
"משה הלוי",,,,way
"משה הס",,,,way
"משה וילנסקי",,,,way
"משה זכות",,,,way
"משה מאור",,,,way
"משה פרלוק",,,,way
"משה קול",,,,way
"משה שלוש",,,,way
"משה שמיר",,,,way
"משה שרת",,,,way
"משמר הגבול",,,,way
"משמר הירדן",,,,way
"משעול יוסף שמידט",,,,way
"משעול יעקב",,,,way
"משעול שירה",,,,way
"מתתיהו כהן גדול",,,,way
"מתתיהו שוהם",,,,way
"נ""ה",,,,way
"נ""ז",,,,way
"נ""ח",,,,way
"נ""ט",,,,way
"נ""ס",,,,way
"נאדיה חילו",,,,way
"נאמן יובל פרופסור",,,,way
נבטים,,,,way
נג'ארה,,,,way
נגבה,,,,way
"נגיב מחפוז",,,,way
נדב,,,,way
נהלל,,,,way
נהרדעא,,,,way
נהריים,,,,way
"נווה צדק",,,,way
"נווה שאנן",,,,way
"נווה שלום",,,,way
נועם,,,,way
נוריאל,,,,way
נורית,,,,way
נח,,,,way
"נחום גוטמן",,,,way
"נחום גולדמן",,,,way
"נחום הנביא",,,,way
"נחום וינשטיין",,,,way
"נחום סוקולוב",,,,way
נחייסי,,,,way
"נחל איילון",,,,way
"נחל הבשור",,,,way
"נחל עוז",,,,way
"נחל שורק",,,,way
נחלאות,,,,way
נחליאל,,,,way
"נחלת יצחק",,,,way
נחמה,,,,way
נחמיה,,,,way
"נחמן מברסלב",,,,way
נחמני,,,,way
נחשון,,,,way
נטע,,,,way
נטעים,,,,way
"ניל""י",,,,way
"ניסים אלוני",,,,way
"ניסן כהן",,,,way
ניסנבוים,,,,way
ניצנה,,,,way
"ניר עם",,,,way
נירים,,,,way
"נלי זק""ש",,,,way
נמירובר,,,,way
"נמל יפו",,,,way
"נמל תל אביב",,,,way
"נס הרים",,,,way
"נס לגויים",,,,way
"נס ציונה",,,,way
"נסאר ג'ורג'",,,,way
נעמן,,,,way
נפחא,,,,way
"נצח ישראל",,,,way
נרדור,,,,way
"נרדי נחום",,,,way
"נתיב המזלות",,,,way
נתיבות,,,,way
נתן,,,,way
"נתן אלבז",,,,way
"נתן החכם",,,,relation
"ס""ה",,,,way
"ס""ו",,,,way
סביון,,,,way
סג'רה,,,,way
סגולה,,,,way
סהרון,,,,way
סוטין,,,,way
סומקן,,,,way
סוסקין,,,,way
סוקרטס,,,,way
סטארה,,,,way
"סטימצקי אביגדור",,,,way
"סטפן צווייג",,,,way
סיוון,,,,way
סייפן,,,,way
"סימטת בארי",,,,way
"סימטת לטריס",,,,way
"סימן טוב",,,,way
סירקין,,,,way
סלוודור,,,,way
סלומון,,,,way
סלונימסקי,,,,way
סלסלה,,,,way
"סםטת תחכמוני",,,,way
סמדר,,,,way
סמולנסקין,,,,way
"סמטה אלמונית",,,,way
"סמטה פלונית",,,,way
"סמטת איתן",,,,way
"סמטת אלו מציאות",,,,way
"סמטת אסירי ציון",,,,way
"סמטת בית השואבה",,,,way
"סמטת גור אריה",,,,way
"סמטת הגינה",,,,way
"סמטת החובבים",,,,way
"סמטת החרמון",,,,way
"סמטת הכרמל",,,,way
"סמטת הר ציון",,,,way
"סמטת הש""ך",,,,way
"סמטת השוק",,,,way
"סמטת זנגביל",,,,way
"סמטת זרת",,,,way
"סמטת כביר",,,,way
"סמטת מיכה",,,,way
"סמטת מלילות",,,,way
"סמטת מסלול",,,,way
"סמטת משמר הירדן",,,,way
"סמטת נוה צדק",,,,way
"סמטת נורדאו",,,,way
"סמטת עובד",,,,way
"סמטת ענתבי",,,,way
"סמטת שבזי",,,,way
"סמטת שלוש",,,,way
"סמטת שפ""ר",,,,way
"סמטת שרה עזריהו",,,,way
"סמטת שרירא",,,,way
"סמטת תעוז",,,,way
סמילנסקי,,,,way
סנהדרין,,,,way
סנפיר,,,,way
"סעדיה גאון",,,,way
"ספיר ברוך",,,,way
"סר ג'ון מונש",,,,way
"סר ווינסטון צ'רצ'יל",,,,way
עבאס,,,,way
"עבד אל גני",,,,way
"עבד אל ראוף אלביטאר",,,,way
"עבודת ישראל",,,,way
עברי,,,,way
עגור,,,,way
עדה,,,,way
עדולם,,,,way
עובד,,,,way
"עובדיה הנביא",,,,way
"עובדיה מברטנורה",,,,way
עודד,,,,way
"עוזי חיטמן",,,,way
עוזר,,,,way
"עולי הגרדום",,,,way
"עולי ציון",,,,way
עולש,,,,way
עומרי,,,,way
"עופר כהן",,,,way
עזאי,,,,way
עזה,,,,way
"עזרא הסופר",,,,way
עזריה,,,,way
עטרות,,,,way
עיינות,,,,way
"עין גב",,,,way
"עין גדי",,,,way
"עין גנים",,,,way
"עין הקורא",,,,way
"עין ורד",,,,way
"עין זיתים",,,,way
"עין חרוד",,,,way
"עין יעקב",,,,way
"עיר שמש",,,,way
עירית,,,,way
"על פרשת דרכים",,,,way
עלומים,,,,way
"עליית הנוער",,,,way
"עם ישראל חי",,,,relation
עמדן,,,,way
עמוס,,,,way
"עמיחי יהודה",,,,way
"עמיחי פאגלין",,,,way
עמינדב,,,,way
עמיעד,,,,way
עמיקם,,,,way
עמישב,,,,way
"עמנואל טובים",,,,way
"עמנואל עמירן פוגצ'וב",,,,way
"עמק איילון",,,,way
"עמק ברכה",,,,way
"עמרם גאון",,,,way
ענתות,,,,way
"עציון גבר",,,,way
עצמון,,,,way
"עקיבא ברון",,,,way
"ערבי נחל",,,,way
עשהאל,,,,way
"עשר טחנות",,,,way
"פ""ד",,,,way
"פאול צלאן",,,,way
"פאמפטרק ת""א",,,,way
"פאת השולחן",,,,way
"פברגט אנריקה",,,,way
פוזננסקי,,,,way
פומבדיתא,,,,way
פועה,,,,way
"פופר לינקאוס יוסף",,,,way
פוריה,,,,way
פושקין,,,,way
"פחד יצחק",,,,way
פטאי,,,,way
פטרסון,,,,way
פיארברג,,,,way
פייבל,,,,way
פיין,,,,way
פיכמן,,,,way
פילדלפיה,,,,way
פילון,,,,way
פיליכובסקי,,,,way
פינלס,,,,way
פינס,,,,way
פינסקר,,,,way
פיקוס,,,,way
"פישמן מיימון",,,,way
פלג,,,,way
פלוגות,,,,way
פלורנטין,,,,way
פלטיאל,,,,way
"פליטי הספר",,,,way
פלקירה,,,,way
פנואל,,,,way
"פנחס בן יאיר",,,,way
"פנחס ספיר",,,,way
"פנץ נתן",,,,way
פנקס,,,,way
פסטלוצי,,,,way
פעמונית,,,,way
פקיעין,,,,way
פראג,,,,way
פראנצויז,,,,way
פראנקל,,,,way
פרוג,,,,way
"פרופ שור",,,,way
"פרופ' פנינה זלצמן",,,,way
פרזון,,,,way
"פרחי אביב",,,,way
"פרי מגדים",,,,way
"פרי עץ חיים",,,,way
"פרידמן שרגא",,,,way
פרישמן,,,,way
"פרנץ קפקא",,,,way
פרנקפורט,,,,way
"פרץ חיות",,,,way
"פרץ מרקיש",,,,way
"פתחיה מרגנשבורג",,,,way
"צ'יאונה סמפו סוגיהרה",,,,way
צ'לנוב,,,,way
צ'מרינסקי,,,,way
"צבי ברוק",,,,way
"צבי הרמן סגל",,,,way
"צבי הרמן שפירא",,,,way
"צבי נשרי",,,,way
"צבי סטרכילביץ",,,,way
"צבי פרופס",,,,way
"צבי פרידלנד",,,,way
"צבי פרייגרזון",,,,way
"צבי צור (צ'רה)",,,,way
"צביה לובטקין",,,,way
"צדוק הכהן",,,,way
"צה""ל",,,,way
"צהלון הרופא",,,,way
צויפל,,,,way
צונזר,,,,way
צונץ,,,,way
צופית,,,,way
צוקרמן,,,,way
צורישדי,,,,way
צידון,,,,way
"ציהתל""י",,,,way
צייטלין,,,,way
"צלילי חנינא",,,,way
"צמחי היהודים",,,,way
צנובר,,,,way
צפניה,,,,way
צפריר,,,,way
צפת,,,,way
צקלג,,,,way
צריפין,,,,way
צרעה,,,,way
"ק""ם",,,,way
קדומים,,,,way
"קדושי השואה",,,,way
קדם,,,,way
קדמיאל,,,,way
"קדש ברנע",,,,way
"קהילת אודסה",,,,way
"קהילת אוסטרליה",,,,way
"קהילת בודפשט",,,,way
"קהילת ביאליסטוק",,,,way
"קהילת בריסק",,,,way
"קהילת ונציה",,,,way
"קהילת ורשה",,,,way
"קהילת ז'יטומיר",,,,way
"קהילת זגלמביה",,,,way
"קהילת טשרנוביץ",,,,way
"קהילת יאסי",,,,way
"קהילת לבוב",,,,way
"קהילת לודז'",,,,way
"קהילת מקסיקו",,,,way
"קהילת ניו יורק",,,,way
"קהילת סופיה",,,,way
"קהילת סלוניקי",,,,way
"קהילת עדן",,,,way
"קהילת פאדובה",,,,way
"קהילת פוזנה",,,,way
"קהילת קובנה",,,,way
"קהילת קייב",,,,way
"קהילת קישינב",,,,way
"קהילת קליבלנד",,,,way
"קהילת קנדה",,,,way
"קהילת קרקוב",,,,way
"קהילת רזיסטנסיה",,,,way
"קהילת ריגה",,,,way
קוממיות,,,,way
קומפרט,,,,way
קוסובסקי,,,,way
"קור פאול (קורנובסקי)",,,,way
קורדובה,,,,way
קורדוברו,,,,way
קורולנקו,,,,relation
"קורט טוכולסקי",,,,way
"קורצ'אק יאנוש",,,,way
קורקידי,,,,way
"קיבוץ גלויות",,,,way
קידרון,,,,way
"קיוסו אלברט",,,,way
"קיי דני (קמינסקי)",,,,way
"קיצור לבית הספר",,,,way
קיציס,,,,way
קיש,,,,way
קלאוזנר,,,,way
קלונימוס,,,,way
קליי,,,,way
קלישר,,,,way
קלמן,,,,way
"קלמר משה",,,,way
קלצ'קין,,,,way
קמה,,,,way
קמואל,,,,way
קמינסקה,,,,way
קנטור,,,,way
קפלנסקי,,,,way
קפריסין,,,,way
"קצנלסון יצחק",,,,way
קרויס,,,,way
"קריית שאול",,,,way
קרייתי,,,,way
"קרית ספר",,,,way
"קרל נטר",,,,way
קרליבך,,,,way
"קרן היסוד",,,,way
"קרפל ליפא",,,,way
קרשקש,,,,way
"ראב""ד",,,,way
"ראובן רובין",,,,way
"ראול ולנברג",,,,way
ראם,,,,way
"ראסין ז'אן",,,,way
"ראש פינה",,,,way
"ראשון לציון",,,,way
ראשונים,,,,way
"ראשית חכמה",,,,way
"רב אלוף דוד אלעזר",,,,way
"רב אשי",,,,way
"רב האי גאון",,,,way
"רב החובל",,,,way
"רב צעיר",,,,way
רבדים,,,,way
"רבי אדא",,,,way
"רבי אחא",,,,way
"רבי חנינא",,,,way
"רבי יהודה חסיד",,,,way
"רבי יוחנן",,,,way
"רבי מאיר",,,,way
"רבי מאיר בעל הנס",,,,way
"רבי משה בן עזרא",,,,way
"רבי נחמן",,,,way
"רבי עקיבא",,,,way
"רבי פנחס",,,,way
"רבי תנחום",,,,way
רביבים,,,,way
רבינא,,,,way
"רבן גמליאל",,,,way
"רבנו חננאל",,,,way
"רבנו ירוחם",,,,way
"רבנו תם",,,,way
רבניצקי,,,,way
"רבקה גובר",,,,way
"רבקה ושמעון אבולעפיה",,,,way
"רבקה זיו",,,,way
רדינג,,,,way
רודנסקי,,,,way
רוזאניס,,,,way
רוזוב,,,,way
רוזנבאום,,,,way
רוזנבלט,,,,way
רוחמה,,,,way
רוטנשטרייך,,,,way
רויגו,,,,way
רוממה,,,,way
"רומן רולן",,,,way
רוני,,,,way
רוסלאן,,,,way
"רופא המחתרות",,,,way
רופין,,,,relation+way
רות,,,,way
"רות רובין-פלד",,,,way
רזי,,,,way
"רחבעם זאבי",,,,way
"רחבת אנדרומדה",,,,way
"רחבת אריה אלחנני",,,,relation
"רחבת בית המכס",,,,way
"רחבת הי""א",,,,way
"רחבת הסינימטק",,,,way
"רחבת הסינמטק",,,,way
"רחבת יוסף תמיר",,,,way
רחל,,,,way
"רחל ושמואל אידלסון",,,,way
"רי""ז",,,,way
"ריב""ל",,,,way
רייך,,,,way
ריינס,,,,way
רייס,,,,way
רינגלבלום,,,,way
"רינהרט מקס",,,,way
"ריש גלותא",,,,way
"רלב""ג",,,,way
"רמב""ם",,,,way
רמברנדט,,,,way
רמה,,,,way
"רמות נפתלי",,,,way
"רמח""ל",,,,way
"רמת השרון",,,,relation
"רנ""ק",,,,way
רענן,,,,way
"רפאל פוזיילוב",,,,way
רפידים,,,,way
רצון,,,,way
"רציף העלייה השנייה",,,,way
רקנאטי,,,,way
"רש""י",,,,way
רשף,,,,way
רשפים,,,,way
"ש""י",,,,way
"ש""ץ",,,,way
"ש''י עגנון",,,,way
"ש. גנני",,,,way
"שאול אביגור",,,,way
"שאר ישוב",,,,way
"שארית ישראל",,,,way
שבזי,,,,way
שבח,,,,way
שבט,,,,way
"שבטי ישראל",,,,way
שביב,,,,way
"שביל אופנידן איילון",,,,way
"שביל בן זאב",,,,way
"שביל בן יעקב",,,,way
"שביל גוטלובר",,,,way
"שביל גינצבורג",,,,way
"שביל גרינבוים",,,,way
"שביל דרך הגבורה",,,,way
"שביל האור",,,,way
"שביל האטד",,,,way
"שביל החלב",,,,way
"שביל המפעל",,,,way
"שביל המרץ",,,,way
"שביל ז'בוטינסקי",,,,way
"שביל יונתן",,,,way
"שביל עכו",,,,way
"שביל רדינג",,,,way
"שביל תנועות הנוער",,,,way
שבלים,,,,way
"שבעת השיקמים",,,,way
שבתאי,,,,way
"שבתאי דון-יחא",,,,way
"שגאל מרק",,,,way
שגב,,,,way
"שד""ל",,,,way
"שדמי נחום",,,,way
"שדרות אלכסנדר ואנטוני מוקסל",,,,relation
"שדרות בן גוריון",,,,relation
"שדרות בן ציון",,,,way
"שדרות דוד המלך",,,,way
"שדרות דוד וצפורה פדרמן",,,,way
"שדרות הבעש""ט",,,,way
"שדרות ההשכלה",,,,way
"שדרות הותיקים",,,,way
"שדרות החי""ל",,,,way
"שדרות היוצ''ר",,,,way
"שדרות המעפילים",,,,way
"שדרות הנביאים",,,,way
"שדרות הציונות",,,,way
"שדרות הר ציון",,,,way
"שדרות השושנים",,,,way
"שדרות וושינגטון",,,,way
"שדרות חב""ד",,,,way
"שדרות חכמי ישראל",,,,way
"שדרות חכמי לובלין",,,,way
"שדרות יד לבנים",,,,way
"שדרות יהודית",,,,way
"שדרות ירושלים",,,,way
"שדרות ישראל גורי",,,,way
"שדרות לוי אשכול",,,,way
"שדרות מוצקין",,,,way
"שדרות מסריק",,,,way
"שדרות נורדאו",,,,way
"שדרות סמאטס",,,,way
"שדרות עמנואל הרומי",,,,way
"שדרות ששת הימים",,,,way
"שדרות תרס""ט",,,,way
שולמית,,,,way
שולמן,,,,way
שונצ'ינו,,,,way
שונצינו,,,,way
"שוסטקוביץ' דמיטרי",,,,way
"שוקן זלמן",,,,way
שורשים,,,,way
"שושנה דואר",,,,way
"שושנה פרסיץ",,,,way
"שז""ר",,,,way
"שח""ל",,,,way
שטיבל,,,,way
שטיין,,,,way
שטיינברג,,,,way
שטיינשניידר,,,,way
שטנד,,,,way
שטראוס,,,,way
שטרוק,,,,way
שטריקר,,,,way
שטרית,,,,way
שטרן,,,,way
"שטרן איזק",,,,way
שטרנהרץ,,,,way
"שי""ר",,,,way
שיבולים,,,,way
"שיבת ציון",,,,way
"שייקה אופיר",,,,way
"שייקה דן",,,,way
שילה,,,,way
שיפר,,,,way
שיק,,,,way
"של""ג",,,,relation
שלבים,,,,way
שלוחות,,,,way
"שלום אש",,,,way
"שלום עליכם",,,,way
"שלום רוזנפלד",,,,way
"שלומציון המלכה",,,,way
"שלושת החיצים",,,,way
שלזינגר,,,,way
"שלמה בובר",,,,way
"שלמה בן יוסף",,,,way
"שלמה המלך",,,,way
"שלמה ליענר",,,,way
"שלמה קפלן",,,,way
"שלמה רובין",,,,way
"שלמה שילר",,,,way
שלמון,,,,way
"שם הגדולים",,,,way
שמגר,,,,way
"שמואל בן עדיה",,,,way
"שמואל ברקאי",,,,way
"שמואל הנגיד",,,,way
"שמואל ירחינאי",,,,way
"שמואל כהן יוחננוף",,,,way
"שמואל רומנילי",,,,way
"שמואל שניצר",,,,way
"שמואל תמיר",,,,way
"שמוליק סגל",,,,way
שמחה,,,,way
"שמחה בלאס",,,,way
"שמחה הולצברג",,,,way
שמיר,,,,way
"שמעון בן שטח",,,,way
"שמעון ברנפלד",,,,way
"שמעון הבורסקאי",,,,way
"שמעון הצדיק",,,,way
"שמעון התרסי",,,,way
"שמעון סאמט",,,,way
"שמעון פינקל",,,,way
"שמעון צדיק",,,,way
"שמעון רוקח",,,,way
שמעוני,,,,way
שמעיה,,,,way
"שמריהו לוין",,,,way
שמרלינג,,,,way
שמשון,,,,way
שניאור,,,,way
שניצלר,,,,way
שניר,,,,way
שנקר,,,,way
"שער הגיא",,,,way
"שער ציון",,,,way
"שערי ניקנור",,,,way
"שערי תשובה",,,,way
"שפ""ר",,,,way
שפייה,,,,way
שפינוזה,,,,way
"שפע טל",,,,way
שפרינצק,,,,way
"שפתי ישנים",,,,way
שקד,,,,way
שריד,,,,way
"שרירא גאון",,,,way
שרעבי,,,,way
ששון,,,,way
שתולים,,,,way
"שתי האחיות",,,,way
"תבואות הארץ",,,,way
"תג'ר ציונה",,,,way
תובל,,,,way
תוספתא,,,,way
"תוצרת הארץ",,,,way
תושיה,,,,way
תות,,,,way
תחכמוני,,,,way
תירוש,,,,way
"תל ברוך",,,,way
"תל גיבורים",,,,way
"תל חי",,,,way
תמוז,,,,way
תמנע,,,,way
תמריר,,,,way
תפוח,,,,way
תקוע,,,,way
תרדיון,,,,way
"תרמ""ב",,,,way
"תרפ""א",,,,way
תרצה,,,,way
תרצ״ו,,,,way
"תש""ח",,,,way
תשבי,,,,way
תשרי,,,,way
תש״ח,,,,way
"׳דליה רביקוביץ",,,,way
