name,source,gender,wikidata,type,Notes,,Put the correct value in the gender column. Optional: add the wikidata ID if you find one (see example). Write any comments in the Notes column.
'דליה רביקוביץ,,F,,way,,,
355,,,,way,,,Here are the codes:
356,,,,way,,,F : cisgender female ;
421,,,,way,,,M : cisgender male ;
428,,,,way,,,FX : transgender female ;
440,,,,way,,,MX : transgender male ;
443,,,,way,,,X : intersex ;
444,,,,way,,,NB : non-binary ;
470,,,,way,,,MU : multiple ;
589,,,,way,,,? : unknown ;
614,,,,way,,,N : not related to a person ;
615,,,,way,,,
666,,,,way,,,"Example wikidata ID: Q114866, follow the link below to see this in context and search for other (street) names."
668,,,,way,,,https://www.wikidata.org/wiki/Q114866
693,,,,way,,,
856,,,,way,,,
907,,,,way,,,
921,,,,way,,,
980,,,,way,,,
1019,,,,way,,,
1024,,,,way,,,
1063,,,,way,,,
1080,,,,way,,,
1096,,,,way,,,
1098,,,,way,,,
1099,,,,way,,,
1100,,,,way,,,
1112,,,,way,,,
1115,,,,way,,,
1116,,,,way,,,
1130,,,,way,,,
1133,,,,way,,,
1174,,,,way,,,
1179,,,,way,,,
1183,,,,way,,,
1184,,,,way,,,
1221,,,,way,,,
1235,,,,way,,,
1238,,,,way,,,
1239,,,,way,,,
1240,,,,way,,,
1247,,,,way,,,
1252,,,,way,,,
1253,,,,way,,,
1274,,,,way,,,
1276,,,,way,,,
1277,,,,way,,,
1279,,,,way,,,
1285,,,,way,,,
1310,,,,way,,,
1318,,,,way,,,
1345,,,,way,,,
1364,,,,way,,,
2040,,,,way,,,
2143,,,,way,,,
2170,,,,way,,,
2184,,,,way,,,
2185,,,,way,,,
2188,,,,way,,,
2213,,,,way,,,
2228,,,,way,,,
2229,,,,way,,,
2232,,,,way,,,
2233,,,,way,,,
2234,,,,way,,,
2294,,,,way,,,
2295,,,,way,,,
2296,,,,way,,,
2297,,,,way,,,
2298,,,,way,,,
2299,,,,way,,,
2362,,,,way,,,
2364,,,,way,,,
2379,,,,way,,,
2380,,,,way,,,
2386,,,,way,,,
2410,,,,way,,,
2411,,,,way,,,
2425,,,,way,,,
2430,,,,way,,,
2433,,,,way,,,
2436,,,,way,,,
2437,,,,way,,,
2438,,,,way,,,
2439,,,,way,,,
3017,,,,way,,,
3028,,,,way,,,
3029,,,,way,,,
3102,,,,way,,,
3161,,,,way,,,
3175,,,,way,,,
3180,,,,way,,,
3197,,,,way,,,
3198,,,,way,,,
3249,,,,way,,,
3320,,,,way,,,
3336,,,,way,,,
3338,,,,way,,,
3341,,,,way,,,
3350,,,,way,,,
3351,,,,way,,,
3357,,,,way,,,
3361,,,,way,,,
3362,,,,way,,,
3381,,,,way,,,
3383,,,,way,,,
3388,,,,way,,,
3389,,,,way,,,
3404 / 403 יפו,,,,way,,,
3426,,,,way,,,
3429,,,,way,,,
3555,,,,way,,,
3615,,,,way,,,
3628,,,,way,,,
3629,,,,way,,,
3677,,,,way,,,
3694,,,,way,,,
3768,,,,way,,,
3785,,,,way,,,
3789,,,,way,,,
3807,,,,way,,,
3813,,,,way,,,
3817,,,,way,,,
3832,,,,way,,,
3846,,,,way,,,
3858,,,,way,,,
3863,,,,way,,,
3870,,,,way,,,
3883,,,,way,,,
3887,,,,way,,,
3888,,,,way,,,
3889,,,,way,,,
3903,,,,way,,,
3907,,,,way,,,
3908,,,,way,,,
3929,,,,way,,,
3931,,,,way,,,
3941,,,,way,,,
3945,,,,way,,,
3948,,,,way,,,
3949,,,,way,,,
3955,,,,way,,,
3956,,,,way,,,
3957,,,,way,,,
3959,,,,way,,,
3961,,,,way,,,
3965,,,,way,,,
3967,,,,way,,,
3969,,,,way,,,
3970,,,,way,,,
3976,,,,way,,,
4206,,,,way,,,
4214,,,,way,,,
4826,,,,way,,,
4834,,,,way,,,
4837,,,,way,,,
4842,,,,way,,,
4843,,,,way,,,
4856,,,,way,,,
4863,,,,way,,,
4865,,,,way,,,
4869,,,,way,,,
4870,,,,way,,,
4871,,,,way,,,
4873,,,,way,,,
4878,,,,way,,,
4882,,,,way,,,
4884,,,,way,,,
4885,,,,way,,,
4886,,,,way,,,
4887,,,,way,,,
4890,,,,way,,,
4892,,,,way,,,
4897,,,,way,,,
E,,,,way,,,
HaNarkis,,,,way,,,
Joseph Schmidt path,,,,way,,,
Simtat Bar Yohai,,,,way,,,
foot path to law school,,,,way,,,
park path,,,,way,,,
אב,,?,,way,,,
אבא אחימאיר,,M,,way,,,
אבא ברדיצ'ב,,M,,way,,,
אבא ושרה נאמן,,X,,way,,,
אבא קובנר,,M,,way,,,
אבודרהם,,M,,way,,,
אבולעפיה,,M,,way,,,
אבוקה,,N,,way,,,
אבטליון,,M,,way,,,
אביאסף,,M,,way,,,
אביגדור המאירי,,m,,way,,,
אבידן שמעון,,M,,way,,,
אביטל,,F,,way,,,
אבימלך,,M,,way,,,
אביצור שמואל,,M,,way,,,
אבישי,,M,,way,,,
אבן חלדון,,M,,way,,,
אבן סינא,,M,,way,,,
אבן ספיר,,M,,way,,,
אבן רשד,,M,,way,,,
אבנר,,M,,way,,,
אברבנאל,,M,,way,,,
אברהם אבן שושן,,M,,way,,,
אברהם בויאר,,M,,way,,,
אברהם ברוידס,,M,,way,,,
אברהם ענתבי,,M,,way,,,
אברהם שלונסקי,,M,,way,,,
אבשלום חביב,,M,,way,,,
אגדתי,,M,,way,,,
אגריפס,,M,,way,,,
אד קוץ',,M,,way,,,
אדוארד ברנשטיין,,M,,way,,,
אדיל עאזר,,F,,way,,,
אדירים,,N,,way,,,
אדם ברוך,,M,,way,,,
אדם הכהן,,M,,way,,,
אדר,,N,,way,,,
אהבת ציון,,N,,way,,,
אהוד,,M,,way,,,
אהלי יעקב,,M,,way,,,
אהרון בקר,,M,,way,,,
אהרון דוד גורדון,,M,,way,,,
אהרון מסקין,,M,,way,,,
אהרונוביץ',,M,,way,,,
אהרן איתין,,M,,way,,,
אוארבך,,M,,way,,,
אוגרית,,N,,way,,,
אוהב ישראל,,M,,way,,,
אוז'שקובה,,F,,way,,,
אוליפנט,,M,,way,,,
אונטרמן,,M,,way,,,
אונקלוס,,M,,way,,,
אוסוולדו ארניה,,M,,way,,,
אוסיפ מנדלשטס,,M,,way,,,
אוסישקין,,M,,way,,,
אוסקר שינדלר,,M,,way,,,
אופטושו,,M,,way,,,
אופיר,,N,,way,,,
אופנהיימר,,M,,way,,,
אופקים,,N,,way,,,
אור החיים,,N,,way,,,
אורי צבי גרינברג,,M,,way,,,
אורי קיסרי,,M,,way,,,
אוריאל אקוסטה,,M,,way,,,
אורים,,N,,way,,,
אושה,,M,,way,,,
"אז""ר",,M,,way,,,
אזוב,,N,,way,,,
"אח""י דקר",,N,,way,,,
אחווה,,N,,way,,,
אחוזת בית,,N,,way,,,
אחילוף,,N,,way,,,
אחימעץ,,M,,way,,,
אחיעזר,,M,,way,,,
אחרון,,M,,way,,,
אידלסון,,M,,way,,,
אייבשיץ,,M,,way,,,
אייגר,,M,,way,,,
אייזיק רמבה,,M,,way,,,
אייזק חריף,,M,,way,,,
איילון דרום,,N,,way,,,
איילון צפון,,N,,way,,,
איילת השחר,,N,,way,,,
אייר,,N,,way,,,
איל״ן,,N,,way,,,
אימבר,,M,,way,,,
אינשטיין,,M,,way,,,
איסקוב,,M,,way,,,
אירוס,,N,,way,,,
איתיאל,,M,,way,,,
"איתמר בן אב""י",,M,,way,,,
איתן לבני,,M,,way,,,
אלבז נתן,,M,,way,,,
אלדד הדני,,M,,way,,,
אלול,,N,,way,,,
אלוף,,M,,way,,,
אלוף אלברט מנדלר,,M,,way,,,
אלוף בצלות,,N,,way,,,
אלוף קלמן מגן,,M,,way,,,
אלחריזי,,M,,way,,,
אלי כהן,,M,,way,,,
אליאשברג,,M,,way,,,
אליהו (קשאק) עמיקם,,M,,way,,,
אליהו בחור,,M,,way,,,
אליהו בית צורי,,M,,way,,,
אליהו ברלין,,M,,way,,,
אליהו גלעזר,,M,,way,,,
אליהו חכים,,M,,way,,,
אליהו מפרארה,,M,,way,,,
אליהו ספיר,,M,,way,,,
אליזבת ברגנר,,F,,way,,,
אליעז רפאל,,M,,way,,,
אליעזר בן הורקנוס,,M,,way,,,
אליעזר לבונה,,M,,way,,,
אליעזר קשאני,,M,,way,,,
אליעזר שטיינמן,,M,,way,,,
אליפלט,,M,,way,,,
אליקום,,M,,way,,,
אלישיב,,M,,way,,,
אלכסנדר אוריה בוסקוביץ',,M,,way,,,
אלכסנדר ארגוב,,M,,way,,,
אלכסנדר זייד,,M,,way,,,
אלכסנדר ינאי,,M,,way,,,
אלכסנדר פן,,M,,way,,,
אלמגור,,N,,way,,,
אלנבי,,M,,relation+way,,,
אלעזר בן יוסי,,M,,way,,,
אלעזר בן עזריה,,M,,way,,,
אלעזר החורני,,M,,way,,,
אלעזר רוקח,,M,,way,,,
אלפסי,,M,,way,,,
אלקלעי,,M,,way,,,
אלרואי,,M,,way,,,
אלשיך,,M,,way,,,
אלתרמן,,M,,way,,,
אמונים,,N,,way,,,
אמזלג,,M,,way,,,
אמיל זולא,,M,,relation+way,,,
אמיר גלבוע,,M,,way,,,
אמירים,,N,,way,,,
אמנון ותמר,,N,,way,,,
אמסטרדם,,N,,way,,,
אמץ,,N,,way,,,
אנגל,,M,,way,,,
אנדריוס,,M,,way,,,
אנדרסן,,M,,way,,,
אנכי,,M,,way,,,
אנטוקולסקי,,M,,way,,,
אנטיגונוס,,M,,way,,,
אני מאמין,,N,,way,,,
אנסקי,,M,,way,,,
אסא קדמוני,,M,,way,,,
אסירי ציון,,N,,way,,,
אסף הרופא,,M,,way,,,
אסתר המלכה,,F,,way,,,
"אפ""ק",,N,,way,,,
אפטר,,M,,way,,,
אפלטון,,M,,way,,,
אפק,,?,,way,,,
אפשטיין,,M,,way,,,
אפשטיין יעקב,,M,,way,,,
"אצ""ל",,N,,way,,,
אקסלרוד נתן,,M,,way,,,
ארבע ארצות,,N,,way,,,
ארדון מרדכי,,M,,way,,,
ארזי,,M,,way,,,
ארטר יצחק,,M,,way,,,
אריאל,,M,,way,,,
אריאל שרון,,M,,way,,,
אריה אלטמן,,M,,way,,,
אריה גלבלום,,M,,way,,,
אריה דה מודינה,,M,,way,,,
אריה דולצ'ין,,M,,way,,,
אריה דיסנצ'יק,,M,,way,,,
אריה לובה אליאב,,M,,way,,,
אריה סוסליק,,M,,way,,,
אריה עקיבא,,M,,way,,,
אריה פסטרנק,,M,,way,,,
אריה שרון,,M,,way,,,
אריסטו,,M,,way,,,
אריסטובולוס,,M,,way,,,
ארלוזורוב,,M,,way,,,
ארלינג'ר,,M,,way,,,
ארנון,,N,,relation,,,
ארתור רובינשטיין,,M,,way,,,
אשדוד,,N,,way,,,
אשקלון,,N,,way,,,
אשר ברש,,M,,way,,,
אשתורי הפרחי,,M,,way,,,
ב',,?,,way,,,
באכר,,M,,way,,,
באסולה,,M,,way,,,
באר טוביה,,N,,way,,,
באר יעקב,,M,,way,,,
באר שבע,,N,,way,,,
בארט,,M,,way,,,
בארי,,M,,way,,,
בבלי,,N,,way,,,
בדולח,,N,,way,,,
בובליק,,M,,way,,,
בוני העיר,,MU,,way,,,
בוסל,,M,,way,,,
בוסתנאי,,M,,way,,,
בועז,,M,,way,,,
בוקי בן יגלי,,M,,way,,,
בורוכוב,,M,,way,,,
בורמה,,N,,way,,,
בושם,,N,,way,,,
בזל,,N,,way,,,
בילינסון,,M,,way,,,
ביירון,,M,,relation,,,
בילויה מעוז,,F,,way,,,
בילטמור,,N,,way,,,
ביצרון,,N,,way,,,
ביריה,,N,,way,,,
בירנבוים,,M,,way,,,
בירנית,,N,,way,,,
בית אורן,,N,,way,,,
בית אל,,N,,way,,,
בית אלפא,,N,,way,,,
בית אשל,,N,,way,,,
בית גוברין,,N,,way,,,
בית הבד,,N,,way,,,
בית הלל,,M,,way,,,
בית הקציר,,N,,way,,,
בית חדש,,N,,way,,,
בית חורון,,N,,way,,,
בית יוסף,,M,,way,,,
בית יצקר,,N,,way,,,
בית ירח,,N,,way,,,
בית לחם,,N,,way,,,
בית עובד,,N,,way,,,
בית פלט,,N,,way,,,
בית קשת,,N,,way,,,
בית רעים,,N,,way,,,
בית שמאי,,M,,way,,,
ביתוס,,M,,way,,,
בכורי ציון,,N,,way,,,
בלבן,,M,,way,,,
בלום ליאון,,M,,way,,,
בלפור,,M,,way,,,
בלקינד,,M,,way,,,
בלשן,,,,way,,,
בן אביגדור,,M,,way,,,
בן אחיטוב,,M,,way,,,
בן אשר,,M,,way,,,
בן גמליאל,,M,,way,,,
בן דוסא,,M,,way,,,
בן הלל,,M,,way,,,
בן זבארה,,M,,way,,,
בן זומא,,M,,way,,,
בן זכאי,,M,,way,,,
בן חסד,,M,,way,,,
בן ישי,,M,,way,,,
בן סירא,,M,,way,,,
בן סירה יעקב,,M,,way,,,
בן סרוק,,M,,way,,,
בן עזאי,,M,,way,,,
בן עמי,,M,,way,,,
בן פרחיה,,M,,way,,,
בן צבי,,M,,way,,,
בן צדוק אלעזר,,M,,way,,,
בן שמן,,M,,way,,,
בן שפרוט,,M,,way,,,
בנבנישתי,,M,,way,,,
בני אפרים,,,,way,,,
בני ברק,,,,way,,,
בני בתירא,,,,way,,,
בני דן,,,,way,,,
בני משה,,,,way,,,
בניהו,,,,way,,,
בנימין ברגי,,M,,way,,,
בנימין מטודלה,,M,,way,,,
בנימיני,,,,way,,,
בעל הטורים,,,,way,,,
בעל העקדה,,,,way,,,
בעלי התוספות,,,,way,,,
בצלאל,,M,,way,,,
בצלאל יפה,,M,,way,,,
בצלאל לונדון,,,,way,,,
בצרה,,,,way,,,
בר אילן,,M,,way,,,
בר גיורא,,M,,way,,,
בר הופמן,,M,,way,,,
בר יוחאי,,M,,way,,,
בר כוכבא,,M,,way,,,
בראלי,,,,way,,,
ברגסון,,,,way,,,
ברדיצ'בסקי,,,,way,,,
ברודצקי,,,,way,,,
ברוך קרוא,,M,,way,,,
ברוריה,,,,way,,,
ברזיל,,,,way,,,
ברזילי,,,,way,,,
ברטונוב,,,,way,,,
בריינין,,,,way,,,
ברכיה,,,,way,,,
ברכיהו הנקדן,,M,,way,,,
ברלינר,,,,way,,,
ברנדייס,,,,way,,,
ברנט,,,,way,,,
ברנר,,,,way,,,
ברנשטיין כהן,,,,way,,,
ברק,,,,way,,,
ברקוביץ,,,,way,,,
ברתיני גארי,,,,way,,,
בת גלים,,N,,way,,,
בת חן,,N,,way,,,
בת ים,,N,,way,,,
בת יפתח,,,,way,,,
בת עין,,N,,way,,,
בת עמי,,N,,way,,,
בת ציון,,,,way,,,
בת שבע דה רוטשילד,,F,,way,,,
בת שבע כצנלסון,,F,,way,,,
בתיה (לישנסקי),,F,,way,,,
ג'ורג' אליוט,,M,,way,,,
גאולה,,,,way,,,
גבולות,,N,,way,,,
גבירטיג מרדכי,,M,,way,,,
גבעולים,,,,way,,,
גבעון,,,,way,,,
גבעת בן יהודה,,M,,way,,,
גבעת המורה,,,,way,,,
גבעת התחמושת,,,,way,,,
גבעת כח,,,,way,,,
גבעתי,,,,way,,,
גדיש,,,,way,,,
גדליה,,,,way,,,
"גדנ""ע",,,,way,,,
גדעון,,,,way,,,
גדרה,,,,way,,,
גואל,,,,way,,,
גוז'יקוב,,,,way,,,
גוטליב,,M,,way,,,
גולד,,,,way,,,
גולדברג,,,,way,,,
גולדפאדן,,,,way,,,
גולומב,,,,way,,,
גולומוב,,,,way,,,
גולי אריתריאה,,,,way,,,
גולי קניה,,,,way,,,
גונן,,,,way,,,
גופר,,,,way,,,
גורית קדמן,,F,,way,,,
גורקי,,,,way,,,
גוש חלב,,N,,way,,,
גוש עציון,,N,,way,,,
גז מטילדה,,F,,way,,,
גזית,,N,,way,,,
גזר,,N,,way,,,
גייגר,,N,,way,,,
גינוסר,,N,,way,,,
גינת שלמה,,M,,way,,,
גיתית,,,,way,,,
גלוסקא,,,,way,,,
גלוסקין,,,,way,,,
גליצנשטיין,,,,way,,,
גליקסון,,,,way,,,
גלעינית,,,,way,,,
גן הפסלים,,N,,way,,,
גן לונדון,,,,way,,,
גן מאיר,,M,,way,,,
גן פולק,,M,,way,,,
גנסין,,,,way,,,
געש,,N,,way,,,
גר צדק,,,,way,,,
גרוזנברג,,,,way,,,
גרונימן,,,,way,,,
גרטרוד קראוס,,F,,way,,,
גריזים,,,,way,,,
גרינבוים,,,,way,,,
גרץ,,,,way,,,
"גרשון ש""ץ",,M,,way,,,
"גשר ""הקריה""",,N,,way,,,
גשר אינשטיין,,M,,way,,,
גשר בר יהודה,,M,,way,,,
גשר היהלומים,,N,,way,,,
גשר המכביה ה-15,,N,,way,,,
גשר המכנסיים,,N,,way,,,
גשר המשאלות,,N,,way,,,
גשר השלושה,,,,way,,,
גשר התערוכה,,N,,way,,,
גשר חלון ליפו,,N,,way,,,
גשר נחושתן,,N,,way,,,
"גשר ע""ש יצחק מודעי",,M,,way,,,
גשר עמק ברכה,,N,,way,,,
גשר ראש ציפור,,N,,way,,,
גשר תאו ומרגוט לובנגרט,,,,way,,,
גשרון גהה מערב,,N,,way,,,
גת רימון,,N,,way,,,
"ד""ר אלי תבין",,M,,way,,,
"ד""ר אריה (ליאון) פוחובסקי",,M,,way,,,
"ד""ר ארליך",,M,,way,,,
"ד""ר בודנהיימר",,M,,way,,,
"ד""ר ג'ורג וייז",,M,,way,,,
"ד""ר ולבה יואל",,M,,way,,,
"ד""ר ולטר מוזס",,M,,way,,,
"ד""ר חיים ברודי",,M,,way,,,
"ד""ר חיים מנחם בסוק",,M,,way,,,
"ד""ר יוסף פומרוק",,M,,way,,,
"ד""ר כרמי יוגב",,M,,way,,,
"ד""ר קורין עזרא",,,,way,,,
"ד""ר שלום לוין",,M,,way,,,
ד',,,,way,,,
דאנטה,,M,,way,,,
דב גרונר,,M,,way,,,
דב האוזנר,,M,,way,,,
דב הוז,,M,,relation,,,
דב כרמי,,M,,way,,,
דב ממזריץ,,M,,way,,,
דבורה הנביאה,,F,,way,,,
דבלין אלפרד,,M,,way,,,
דגן,,N,,way,,,
דגניה,,N,,way,,,
דה האז,,,,way,,,
דה פיג'טו,,,,way,,,
דה פיליפ אדיס (אבן זהר),,M,,way,,,
דובנוב,,,,way,,,
דוד אבידן,,M,,way,,,
דוד אויסטרך,,M,,way,,,
דוד אלמוג,,M,,way,,,
דוד בוקשפן,,M,,way,,,
דוד בלוך,,M,,way,,,
דוד זליבנסקי,,M,,way,,,
דוד חופשי,,M,,way,,,
דוד חכמי,,M,,way,,,
דוד טריטש,,M,,way,,,
דוד ילין,,M,,way,,,
דוד מרכוס,,M,,way,,,
דוד רוטלוי,,M,,way,,,
דוד רמז,,M,,way,,,
דוד תדהר,,M,,way,,,
דודאים,,N,,way,,,
דוחן,,,,way,,,
דוידקה,,,,way,,,
דוליצקי,,,,way,,,
דונולו הרופא,,M,,way,,,
דורון,,,,way,,,
דוש (קריאל גרדוש),,,,way,,,
די רוסי,,,,way,,,
דימונה,,,,way,,,
דימיטר פשב,,M,,way,,,
דיצה,,F,,way,,,
דיק,,,,way,,,
דישון,,,,way,,,
דם המכבים,,,,way,,,
דן לנר,,M,,way,,,
דניאל,,M,,way,,,
דניאל סמבורסקי,,M,,way,,,
דניאל פריש,,M,,way,,,
דנין,,,,way,,,
דעואל,,,,way,,,
דפנה,,F,,way,,,
דקל,,N,,way,,,
דרויאנוב,,,,way,,,
דרור,,N,,way,,,
דרייפוס,,M,,way,,,
דרך אריאל שרון,,M,,way,,,
דרך ההגנה,,N,,way,,,
דרך הפארק,,N,,way,,,
דרך לוד,,N,,way,,,
דרך שלמה,,M,,way,,,
דרך תל-אביב,,,,way,,,
דשבסקי,,,,way,,,
ה' באייר,,,,way,,,
האגוז,,N,,way,,,
האגמון,,,,way,,,
האומנים,,N,,way,,,
האחים אל-כוויתי,,M,,way,,,
האחים בילסקי,,M,,way,,,
האחים מסלאויטה,,M,,way,,,
האלוף עוזי נרקיס,,M,,way,,,
האלקושי,,,,way,,,
האמוראים,,,,way,,,
האסיף,,N,,way,,,
האספרגוס,,N,,way,,,
האקליפטוס,,N,,way,,,
"האר""י",,,,way,,,
הארבעה,,,,way,,,
הארד,,N,,way,,,
הארון אל רשיד,,M,,way,,,
האשכולית,,N,,way,,,
האתרוג,,N,,way,,,
הברון הירש,,M,,way,,,
הברוש,,N,,way,,,
הברזל,,N,,way,,,
הבשן,,N,,way,,,
הגבורה,n,N,,way,,,
הגדוד העברי,,,,way,,,
הגולן,,N,,way,,,
הגיבור האלמוני,,N,,way,,,
הגיבורים,,N,,way,,,
הגיחון,,N,,way,,,
הגלבוע,,N,,way,,,
הגליל,,N,,way,,,
הגלעד,,N,,way,,,
הגמנסיה העברית,,N,,way,,,
הגפן,,N,,way,,,
"הגר""א",,,,way,,,
הדגה,,,,way,,,
הדגל,,N,,way,,,
הדואר,,N,,way,,,
הדולפין,,N,,way,,,
הדייגים,,N,,way,,,
הדמומית,,N,,way,,,
הדסה,,,,way,,,
הדף היומי,,,,way,,,
הדר יוסף,,,,way,,,
ההגנה,,,,way,,,
ההדס,,N,,way,,,
הוברמן,,,,way,,,
הודיה,,,,way,,,
הונא,,,,way,,,
הופיין,,,,way,,,
הורודצקי,,,,way,,,
הושע,,,,way,,,
הותיקים,,N,,way,,,
הזוהר,,,,way,,,
הזית,,N,,way,,,
הזמיר,,N,,way,,,
הזרם,,N,,way,,,
החבצלת,,N,,way,,,
החותרים,,N,,way,,,
החטה,,,,way,,,
החיזיון,,N,,way,,,
החלוצים,,,,way,,,
החלפנים,,,,way,,,
החצב,,N,,way,,,
החצוצרה,,N,,way,,,
החרוב,,N,,way,,,
החרוץ,,,,way,,,
החרמון,,N,,way,,,
החרמש,,N,,way,,,
החרצית,,N,,way,,,
החרש,,N,,way,,,
החשמל,,N,,way,,,
"הט""ז",,,,way,,,
"הטיילת ע""ש שלמה להט",,M,,way,,,
הטיילת ע״ש שלמה להט,,M,,way,,,
הטייסים,,,,way,,,
הידיד,,,,way,,,
היהודי זיס,,M,,way,,,
היימן,,,,way,,,
היינריך מנדלסון,,M,,way,,,
היכל התלמוד,,N,,way,,,
הילדסהיימר,,,,way,,,
היסוד,,N,,way,,,
היסמין,,N,,way,,,
הירדן,,N,,way,,,
הירקון,,N,,relation+way,,,
הירשביין,,,,way,,,
הירשנברג,,,,way,,,
היתד,,N,,way,,,
הכובשים,,N,,way,,,
הכוזרי,,,,way,,,
הכינור,,N,,way,,,
הכישור,,N,,way,,,
הכלנית,,N,,way,,,
הכנסת הגדולה,,N,,way,,,
הכרם,,N,,relation,,,
הכרמל,,N,,way,,,
"הל""ה",,,,way,,,
הלוחמים,,,,way,,,
הלוטוס,,N,,way,,,
הלימון,,N,,way,,,
הלל הזקן,,M,,way,,,
הלל עמר,,M,,way,,,
הלסינקי,,,,way,,,
הלענה,,N,,way,,,
הלפיד,,N,,way,,,
הלפרין,,,,way,,,
המאבק,,N,,way,,,
המבצעים,,N,,way,,,
המגדלור,,N,,way,,,
המגיד,,M,,way,,,
המגיד מדובנא,,M,,way,,,
המגן,,N,,way,,,
המחוגה,,N,,way,,,
המכבי,,,,way,,,
המכבש,,N,,way,,,
המלאכה,,N,,way,,,
המלחים,,N,,way,,,
המליץ,,,,way,,,
המלך אלברט,,M,,way,,,
המלך חירם,,M,,way,,,
המנוע,,N,,way,,,
המנור,,N,,way,,,
המעיין,,N,,way,,,
המעפילים,,N,,way,,,
המערכה,,N,,way,,,
המפרש,,,,way,,,
המצביאים,,,,way,,,
המצפן,,N,,way,,,
המקצוע,,N,,way,,,
המרגנית,,N,,way,,,
המרד,,N,,way,,,
המרפא,,,,way,,,
המשביר,,N,,way,,,
המשור,,,,way,,,
המשלטים,,N,,way,,,
המשמר האזרחי,,N,,way,,,
המשנה,,N,,way,,,
המתנדב,,N,,way,,,
הנגב,,N,,way,,,
הנגרים,,N,,way,,,
הנדיב,,N,,way,,,
הנוטר,,N,,way,,,
הנחושת,,N,,way,,,
הניה פקלמן,,,,way,,,
הניצנים,,N,,way,,,
הנציב,,,,way,,,
הנרייטה סולד,,F,,way,,,
הנשיאים,,,,way,,,
הסבא משפולה,,M,,way,,,
הסבוראים,,,,way,,,
הסדנה,,N,,way,,,
הסוללים,,N,,way,,,
הסנה,,N,,way,,,
הספינה,,N,,way,,,
העבודה,,N,,way,,,
העוגב,,N,,way,,,
העוגן,,N,,way,,,
העלייה,,N,,way,,,
העמל,,N,,way,,,
הערמון,,N,,way,,,
העתק פסיפס בית אלפא,,N,,way,,,
הפורצים,,N,,way,,,
הפטיש,,N,,way,,,
הפטמן,,,,way,,,
הפלך,,N,,way,,,
"הפלמ""ח",,,,way,,,
הפנינים,,N,,way,,,
הפרגים,,N,,way,,,
הפרדס,,N,,way,,,
הפרטיזן היהודי,,N,,way,,,
הפרסה,,N,,way,,,
הצבי,,N,,way,,,
הצבר,,N,,way,,,
הצדף,,N,,way,,,
הצורפים,,N,,way,,,
הציפורן,,N,,way,,,
הצלף,,N,,way,,,
הצנחנים,,,,way,,,
הצפון החדש - החלק הדרומי,,N,,relation,,,
הצפון החדש - החלק הצפוני,,N,,relation,,,
הצפון החדש - סביבת ככר המדינה,,N,,relation,,,
הצפירה,,N,,way,,,
הצרי,,,,way,,,
הקברניט,,,,way,,,
הקונגרס,,N,,way,,,
הקיקיון,,N,,way,,,
הקישון,,N,,way,,,
הקליר,,,,way,,,
הקלעים,,,,way,,,
הקנאים,,,,way,,,
הקרן,,N,,way,,,
הקשת,,N,,way,,,
הר נבו,,N,,way,,,
הר סיני,,N,,way,,,
הר ציון,,,,way,,,
"הרא""ש",,,,way,,,
"הראב""ע",,,,way,,,
הראובני דוד,,M,,way,,,
הראל,,M,,way,,,
הרב אהרונסון,,M,,way,,,
הרב אליהו שרים,,M,,way,,,
הרב אלנקוה,,M,,way,,,
הרב גליקסברג,,M,,way,,,
הרב הלר חיים,,M,,way,,,
הרב הרצוג,,M,,way,,,
הרב יוסף צוברי,,M,,way,,,
הרב יעקב טראב,,M,,way,,,
הרב יצחק ידידיה פרנקל,,M,,way,,,
הרב יצחק רובינשטיין,,M,,way,,,
הרב יצחק רילף,,M,,way,,,
הרב לוי יצחק,,M,,way,,,
הרב מבכרך,,M,,way,,,
הרב מויטבסק,,M,,way,,,
הרב מלילוב,,M,,way,,,
הרב מקוטוב,,M,,way,,,
הרב מקוצק,,M,,way,,,
הרב מקרלין,,M,,way,,,
הרב מרק,,M,,way,,,
הרב ניסים,,M,,way,,,
הרב עובדיה בידאני,,M,,way,,,
הרב עוזיאל,,M,,way,,,
הרב עמיאל,,M,,way,,,
הרב פרידמן,,M,,way,,,
הרב צירלסון,,M,,way,,,
הרב קוק,,M,,way,,,
הרב שלמה גורן,,M,,way,,,
הרבי מבכרך,,M,,way,,,
הרבי מפשיסחא,,M,,way,,,
הרבסט קרול,,M,,way,,,
הרברט סמואל,,M,,relation+way,,,
הרדוף,,N,,way,,,
"הרה""ג יחיא מחבוב",,M,,way,,,
הרוגי מלכות,,,,way,,,
הרודיון,,,,way,,,
הרותם,,N,,way,,,
הרטגלס,,,,way,,,
הרטוב,,,,way,,,
הרימון,,N,,way,,,
הרכב,,N,,way,,,
הרכבי,,,,way,,,
הרכבת,,N,,way,,,
הרכש,,,,way,,,
הרמן כהן,,M,,way,,,
הרן,,,,way,,,
"הרנ""ה",,,,way,,,
הרצל,,M,,way,,,
הרצל רוזנבלום,,M,,way,,,
הרצפלד,,,,way,,,
הרקפת,,N,,way,,,
הררי,,,,way,,,
"הש""ך",,,,way,,,
השומר,,N,,way,,,
השומרון,,N,,way,,,
השופט חיים כהן,,M,,way,,,
השופט נופך,,M,,way,,,
השופטים,,,,way,,,
השופר,,N,,way,,,
השוק,,N,,way,,,
השחף,,N,,way,,,
השחקנים,,N,,way,,,
השחר,,N,,way,,,
השיבולת,,N,,way,,,
השיטה,,N,,way,,,
השיירות,,N,,way,,,
השילוח,,N,,way,,,
השכל,,N,,way,,,
"השל""ה",,,,way,,,
השלום,,N,,way,,,
השלושה,,,,way,,,
השלכת,,,,way,,,
השנית,,,,way,,,
השעורה,,N,,way,,,
השפלה,,N,,way,,,
השקמה,,N,,way,,,
השרביט,,N,,way,,,
השרון,,N,,way,,,
התאנה,,N,,way,,,
התבור,,N,,way,,,
התורן,,N,,way,,,
התחיה,,N,,way,,,
התיבונים,,,,way,,,
התמר,,N,,way,,,
התנאים,,,,way,,,
התנופה,,N,,way,,,
התניא,,,,way,,,
התערוכה,,N,,way,,,
התעשיה,,N,,way,,,
התקוה,,N,,way,,,
התקומה,,N,,way,,,
התשעים ושלוש,,,,way,,,
ווג'ווד,,,,way,,,
וולמן,,,,way,,,
וולפסון,,M,,way,,,
וורמייזה,,,,way,,,
ויזל,,,,way,,,
ויטל חיים,,M,,way,,,
ויינשל,,,,way,,,
וייס איזיק הירש,,M,,way,,,
וייסבורג,,,,way,,,
וילהלם פילדרמן,,M,,way,,,
וילון,,,,way,,,
וילי ברנדט,,,,way,,,
וילנה,,,,way,,,
וילסון,,,,way,,,
וינגייט,,M,,way,,,
ויסוצקי,,M,,way,,,
ויצמן,,M,,way,,,
ויקטור הוגו,,M,,way,,,
ויקי שירן,,,,way,,,
ויתקין,,,,way,,,
וכטנגוב,,,,way,,,
ולנסיה,,,,way,,,
ועידת קטוביץ',,,,way,,,
וקנין רפי,,M,,way,,,
ורבורג,,,,way,,,
ורד,,M,,way,,,
ורדיאל,,,,way,,,
ורשבסקי,,,,way,,,
ורשקובסקי,,,,way,,,
ותיק,,,,way,,,
ז'אן ז'ורס,,M,,relation,,,
ז'בוטינסקי,,,,way,,,
זאב,,,,way,,,
זאב ויינר,,M,,way,,,
זאב רכטר,,M,,way,,,
זבד,,,,way,,,
זבולון,,M,,way,,,
זהבי דוד,,M,,way,,,
זהרה לביטוב,,F,,way,,,
זהרירה חריפאי,,F,,way,,,
זולצר,,,,way,,,
זטורי,,,,way,,,
זיגלבוים,,,,way,,,
זימן,,,,way,,,
זיקים,,N,,way,,,
זכרון יעקב,,M,,way,,,
זכרון קדושים,,,,way,,,
זכריה,,M,,way,,,
זכריה פראנקל,,M,,way,,,
זכריה רצאבי,,M,,way,,,
זכריני,,,,way,,,
זלדה (שניאורסון מישקובסקי),,F,,way,,,
זלוציסטי,,,,way,,,
זלטופולסקי,,,,way,,,
זליג,,,,way,,,
זלמן מייזל,,M,,way,,,
זמנהוף,,,,way,,,
זנגביל,,,,way,,,
זרובבל,,,,way,,,
זרח,,,,way,,,
זריצקי,,,,way,,,
זרעים,,N,,way,,,
חביבה רייך,,F,,way,,,
חביבי אמיל,,M,,way,,,
חבקוק הנביא,,M,,way,,,
חבר הלאומים,,,,way,,,
חברה חדשה,,N,,way,,,
חברון,,N,,way,,,
"חברת ש""ס",,,,way,,,
חגי הנביא,,M,,way,,,
חדרה,,,,way,,,
חובבי ציון,,,,way,,,
חובות הלבבות,,,,way,,,
חולדה,,F,,way,,,
חומה ומגדל,,N,,way,,,
חוני המעגל,,M,,way,,,
חזונוביץ,,,,way,,,
חזק,,,,way,,,
חזקיהו המלך,,M,,way,,,
חטיבת קרייתי,,,,way,,,
"חידושי הרי""ם",,,,way,,,
חיוג,,,,way,,,
חיי אדם,,N,,way,,,
חייבי משה,,M,,way,,,
חייל המשמר,,,,way,,,
חיים אלפרין,,M,,way,,,
חיים בן עטר,,M,,way,,,
חיים ברלב,,M,,way,,,
חיים הזז,,M,,way,,,
חיים ואלישע,,M,,way,,,
חיים חבשוש,,M,,way,,,
חיים סירני,,M,,way,,,
חיים שורר,,M,,way,,,
חייקה גרוסמן,,,,way,,,
חיל השריון,,N,,way,,,
חיננית,,,,way,,,
חיסין,,,,way,,,
חירותנו,,,,way,,,
חיש,,,,way,,,
חכמי אתונה,,,,way,,,
חכמי ישראל,,,,way,,,
חכמי לובלין,,,,way,,,
חכמי קירואן,,,,way,,,
חלמית,,N,,way,,,
חנאניא יעקוב ג'ורג',,M,,way,,,
חנה אורלוף,,F,,way,,,
חנה ומרדכי וייסר,,F,,way,,,
חנה זמר,,F,,way,,,
חנה מרון,,F,,way,,,
חנה סנש,,F,,way,,,
חנה רובינא,,F,,way,,,
חנוך,,,,way,,,
חנינא בן תרדיון,,,,way,,,
חניתה,,,,way,,,
חנקין,,,,way,,,
חסידי האומות,,,,way,,,
חפץ חיים,,,,way,,,
חפר,,,,way,,,
חצור,,N,,way,,,
חצרים,,N,,way,,,
חריף אייזיק,,M,,way,,,
חשון,,,,way,,,
"חת""ם סופר",,,,way,,,
"ט""ז",,,,way,,,
ט',,,,way,,,
טאג'יר שמואל וסולטנה,,M,,way,,,
טאגור,,,,way,,,
טביוב,,,,way,,,
טבריה,,N,,way,,,
טברסקי,,,,way,,,
טבת,,N,,way,,,
טהון,,,,way,,,
טובה סנהדראי,,F,,way,,,
טוביה הרופא,,M,,way,,,
טולדאנו,,,,way,,,
טולוז,,,,way,,,
טולקובסקי,,,,way,,,
טוני הלה,,,,way,,,
טור מלכא,,,,way,,,
טורטשינר,,,,way,,,
טורי זהב,,N,,way,,,
טורקוב,,,,way,,,
טיומקין,,M,,way,,,
טייב יצחק,,M,,way,,,
טיילת איילון,,N,,way,,,
טיילת המדע,,N,,way,,,
טיילת השער ליפו,,N,,way,,,
טיילת מפרץ שלמה,,M,,way,,,
טימן יעקב,,M,,way,,,
טירת צבי,,,,way,,,
טלמון,,,,way,,,
טרומפלדור,,M,,way,,,
טרפון,,,,way,,,
טשרניחובסקי,,M,,way,,,
"י""א",,,,way,,,
"י""ב",,,,way,,,
"י""ג",,,,way,,,
י. ל. גורדון,,M,,way,,,
י.ל. פרץ,,M,,way,,,
יאיר,,M,,way,,,
יאיר רוזנבלום,,M,,way,,,
יבנאל,,M,,way,,,
יבנה,,N,,way,,,
יגאל,,M,,way,,,
יגאל מוסינזון,,M,,way,,,
יגור,,N,,way,,,
יגיע כפיים,,N,,way,,,
יד המעביר,,N,,way,,,
יד חרוצים,,N,,way,,,
ידעיה הפניני,,M,,way,,,
יהואש,,M,,relation,,,
יהודה בורלא,,M,,way,,,
יהודה גור,,M,,way,,,
יהודה הימית,,M,,way,,,
יהודה הלוי,,M,,way,,,
יהודה המכבי,,M,,way,,,
יהודה הנשיא,,M,,way,,,
יהודה הצעיר,,M,,way,,,
יהודה לייב הלוי ברסקי,,M,,way,,,
יהודה מרגוזה,,M,,way,,,
יהודה סומו,,M,,way,,,
יהודה קרני,,M,,way,,,
יהויכין סטוצ'בסקי,,M,,way,,,
יהונתן,,M,,way,,,
יהורם,,M,,way,,,
יהושע בן נון,,M,,way,,,
יהושע התלמי,,M,,way,,,
יהושע רוזין,,M,,way,,,
יהל״ל,,,,way,,,
יואב,,M,,way,,,
יואל,,M,,way,,,
יודפת,,N,,way,,,
יוחנן הגדי,,M,,way,,,
יוחנן הורקנוס,,M,,way,,,
יוחנן הסנדלר,,M,,way,,,
יוטבת,,,,way,,,
יוכבד בת מרים,,F,,way,,,
יום טוב,,,,way,,,
יונדב,,M,,way,,,
יונה הנביא,,M,,way,,,
יוניצמן,,,,way,,,
יונתן הופסי,,M,,way,,,
יונתן רטוש,,M,,way,,,
יוסי בן יוסי,,M,,way,,,
יוסי בנאי,,M,,way,,,
יוסי ידין,,M,,way,,,
יוסף אליהו,,M,,way,,,
יוסף אריכא,,M,,way,,,
יוסף אשרמן,,M,,way,,,
יוסף בוקסבאום,,M,,way,,,
יוסף ברסלבי,,M,,way,,,
יוסף דה לה ריינה,,M,,way,,,
יוסף האפרתי,,M,,way,,,
יוסף הייקל,,M,,way,,,
יוסף הנשיא,,MM,,way,,,
יוסף הרמלין,,M,,way,,,
יוסף יקותיאלי,,M,,way,,,
יוסף לוי,,M,,way,,,
יוסף לישנסקי,,M,,way,,,
יוסף מילוא,,M,,way,,,
יוסף סרלין,,M,,way,,,
יוסף פעמוני,,M,,way,,,
יועזר,,M,,way,,,
יורה,,N,,way,,,
יורם,,M,,way,,,
יורם קניוק,,M,,way,,,
יורק שטיינר,,M,,way,,,
יזהר,,M,,way,,,
יחזקאל,,M,,way,,,
יחזקאל קויפמן,,M,,way,,,
יחזקאל שטרייכמן,,M,,way,,,
יחיא קאפח,,M,,way,,,
יחיאל דב דרזנר,,M,,way,,,
יחיאל שמי,,M,,way,,,
יחיאלי,,M,,way,,,
יחיעם,,M,,way,,,
יינון,,M,,way,,,
"יל""ג",,,,way,,,
ילדי טהרן,,,,way,,,
ילין מור,,,,way,,,
ילקוט הרועים,,N,,way,,,
ים סוף,,N,,way,,,
ימין,,N,,way,,,
יניב,,,,way,,,
יסוד המעלה,,N,,way,,,
יסעור,,N,,way,,,
יעבץ,,,,way,,,
יעל,,N,,way,,,
יעקב אבוטבול,,M,,way,,,
יעקב דורי,,M,,way,,,
יעקב וייס,,M,,way,,,
יעקב וסרמן,,M,,way,,,
יעקב זרובבל,,M,,way,,,
יעקב חזן,,M,,way,,,
יעקב מרידור,,M,,way,,,
יעקב סלע,,M,,way,,,
יעקב ריפמן,,M,,way,,,
יעקב שבתאי,,M,,way,,,
יעקובוב אוריאל,,M,,way,,,
יפה נוף,,,,way,,,
יפו,,,,way,,,
יפעת,,N,,way,,,
יפרח,,,,way,,,
יפת,,M,,way,,,
יפתח,,M,,way,,,
יצחק (זיקו) גרציאני,,M,,way,,,
יצחק אבינרי,,M,,way,,,
יצחק אולשן,,M,,way,,,
יצחק אלחנן,,M,,way,,,
יצחק ארצי,,M,,way,,,
יצחק בשביס זינגר,,M,,way,,,
יצחק ויטנברג,,M,,way,,,
יצחק חיותמן,,M,,way,,,
יצחק חילו,,M,,way,,,
יצחק טבנקין,,M,,way,,,
יצחק ישראלי,,M,,way,,,
יצחק פרלשטיין,,M,,way,,,
יצחק רבין,,M,,way,,,
יצחק שדה,,M,,way,,,
יציאת אירופה,,N,,way,,,
יציץ,,,,way,,,
יקותיאל,,M,,way,,,
יקנטון,,N,,way,,,
יקנעם,,,,way,,,
ירבלום,,,,way,,,
ירוחם משל,,M,,way,,,
ירושלמי,,,,way,,,
יריחו,,N,,way,,,
ירמיהו,,M,,way,,,
"יש""ר מקנדיה",,,,way,,,
ישה חפץ,,,,way,,,
ישורון,,,,relation,,,
ישיבת וולוזי'ן,,,,way,,,
ישכון,,,,way,,,
ישעיהו,,M,,way,,,
ישעיהו אברך,,M,,way,,,
ישעיהו ליבוביץ,,M,,way,,,
ישראל אשכנזי,,M,,way,,,
"ישראל ב""ק",,M,,way,,,
ישראל בק,,M,,way,,,
ישראל גלילי,,M,,way,,,
ישראל טל,,M,,way,,,
ישראל מסלנט,,M,,way,,,
ישראל מריז'ין,,M,,way,,,
ישראל שפירא,,M,,way,,,
ישראל'ס,,,,way,,,
ישרש,,,,way,,,
"כ""ג יורדי הסירה",,,,way,,,
"כ""ץ יעקב יוסף",,M,,way,,,
כביר,,,,way,,,
כביש גהה,,N,,way,,,
כביש ירושלים תל אביב,,N,,way,,,
כביש תל אביב ירושלים,,N,,way,,,
כביש תל-אביב נתניה,,N,,way,,,
כהנשטם,,,,way,,,
כוכבי יצחק,,M,,way,,,
כורזים,,,,way,,,
כורש,,M,,way,,,
כיכר 1336,,,,way,,,
כיכר אהוד אבריאל,,M,,way,,,
כיכר איינשטיין,,M,,way,,,
כיכר אילן,,M,,way,,,
כיכר איסר הראל,,M,,way,,,
כיכר אנטין,,,,relation,,,
כיכר אתרים,,N,,relation,,,
כיכר בוני העיר,,,,way,,,
כיכר בצלאל,,M,,way,,,
כיכר גבעון,,,,relation,,,
כיכר גוסטדינר,,,,way,,,
כיכר דיזנגוף (צינה),,F,,way,,,
כיכר דימיטר פשב,,M,,relation,,,
כיכר הדמוקרטיה,,N,,way,,,
"כיכר היובל ע""ש אביבה ואורספלבר",,F,,way,,,
כיכר היל,,,,way,,,
כיכר הכנסת,,N,,relation,,,
כיכר המושבה,,N,,relation,,,
כיכר המושבות,,,,way,,,
כיכר המלך אלברט,,M,,way,,,
כיכר הנעדרים,,,,way,,,
כיכר השואה והתקומה,,N,,way,,,
כיכר השעות היפות,,N,,way,,,
כיכר וולפסון,,M,,way,,,
כיכר חנה אבנור,,F,,way,,,
כיכר חסידי אומות העולם,,,,way,,,
כיכר יוסי כרמל,,M,,way,,,
כיכר מגן דוד,,N,,way,,,
כיכר מוזיאון תל אביב,,N,,relation,,,
כיכר מנדל,,,,way,,,
כיכר סגולה,,,,way,,,
כיכר פלומר,,,,way,,,
כיכר קדומים,,N,,way,,,
כיכר קצה השדרה,,N,,way,,,
כיכר שטרן מרדכי חיים,,M,,relation,,,
כיכר שיח' בסאם אבו זיד,,M,,way,,,
כיכר שעוני השמש,,,,way,,,
כיכר שרייבר,,,,way,,,
כינרת,,N,,way,,,
כיסופים,,N,,way,,,
כל ישראל חברים,,N,,way,,,
כניסה למפעל רפאל,,,,way,,,
כנפי נשרים,,N,,way,,,
כסלו,,N,,way,,,
כפר גלעדי,,,,way,,,
כפר יונה,,,,way,,,
כפר סבא,,,,way,,,
כרם התימנים,,,,way,,,
כרם חמד,,,,way,,,
כרמי,,,,way,,,
כרמיה,,,,way,,,
כרמלית,,N,,way,,,
לאה,,F,,way,,,
לאה ודוד איזמוז'יק,,F,,way,,,
לאונרדו דה וינצ'י,,M,,way,,,
לב אברהם,,M,,way,,,
לב תל-אביב,,,,relation,,,
לבון,,,,way,,,
לבונטין,,,,way,,,
לבלוב,,,,way,,,
לבנדה,,,,way,,,
לבנדובסקי,,M,,way,,,
לבנדובסקי אליעזר,,M,,way,,,
לה גווארדיה,,,,way,,,
לואי מרשל,,M,,way,,,
לואי פסטר,,M,,way,,,
לובה אליאב,,M,,way,,,
לודוויפול,,,,way,,,
לוזים,,,,way,,,
לוחמי גליפולי,,,,way,,,
לוי אשכול,,M,,way,,,
לויד ג'ורג',,M,,way,,,
לויטה,,,,way,,,
לויטן,,,,way,,,
לוין קיפניס,,M,,way,,,
לוינסון אברהם,,M,,way,,,
לונץ,,,,way,,,
לוריא,,M,,way,,,
"לח""י",,,,way,,,
לחובר,,,,way,,,
ליב בן שרה,,M,,way,,,
ליברמן,,,,way,,,
לייוויק,,,,way,,,
לילי מנחם,,F,,way,,,
ליליאן,,,,way,,,
לילינבלום,,,,way,,,
לינקולן,,M,,way,,,
ליסין,,,,way,,,
ליפסקי,,,,way,,,
ליפקין-שחק,,M,,way,,,
ליש,,,,way,,,
לכיש,,,,way,,,
למדן,,,,way,,,
למואל,,,,way,,,
למרטין,,,,way,,,
לנה קיכלר-זילברמן,,,,way,,,
לסל,,,,relation,,,
לסקר,,,,way,,,
לסר אורי,,M,,way,,,
לפידות,,,,way,,,
לפין,,,,way,,,
לצרוס,,,,way,,,
לקרט,,,,way,,,
לשם,,,,way,,,
מאור הגולה,,,,way,,,
"מאור יעקב שב""י",,M,,way,,,
מאור עינים,,N,,way,,,
מאוריציו ויטלה,,M,,way,,,
מאיר בינט,,M,,way,,,
מאיר גרוסמן,,M,,way,,,
מאיר יערי,,M,,way,,,
מאיר מרגלית,,M,,way,,,
מאיר נקר,,M,,way,,,
מאיר פיינשטיין,,M,,way,,,
מאירבר,,,,way,,,
מאנגר,,,,way,,,
מאנה,,,,way,,,
מאפו,,,,relation+way,,,
מארק שגאל,,M,,way,,,
מבוא גילת,,,,way,,,
מבוא גניגר,,,,way,,,
מבוא געתון,,,,way,,,
מבוא גרופית,,,,way,,,
מבוא יוסט,,,,way,,,
מבחר,,,,way,,,
מבטחים,,,,way,,,
מבצע קדש,,N,,way,,,
מבקיעים,,,,way,,,
מבשר,,,,way,,,
מגדל,,N,,way,,,
מגדל שורשן,,,,way,,,
מגידו,,N,,way,,,
מגן אברהם,,M,,way,,,
מגשימים,,,,way,,,
מדרגות אנדרומדה,,N,,way,,,
מדרש פנחס,,M,,way,,,
מדרש תנחומא,,,,way,,,
מהלל העדני,,M,,way,,,
"מהר""ל",,M,,way,,,
"מהרש""א",,,,way,,,
"מהרש""ק יהודה",,,,way,,,
מודיליאני,,M,,way,,,
מודיעין,,,,way,,,
מוהליבר,,,,way,,,
מוזס,,,,way,,,
מוזר,,,,way,,,
מוחמד מרזוק,,M,,way,,,
מוטה גור,,M,,way,,,
מויאל,,,,way,,,
מולדת,,N,,way,,,
מולכו,,,,way,,,
מוסינזון,,M,,way,,,
מוצא,,,,way,,,
מור,,N,,way,,,
מורדי הגטאות,,,,way,,,
מורה נבוכים,,,,way,,,
מוריץ דניאל,,M,,way,,,
מורשת,,N,,way,,,
מורשת יהדות ליטא,,,,way,,,
מושיע,,,,way,,,
מזא''ה,,,,way,,,
מזל אריה,,N,,way,,,
מזל בתולה,,N,,way,,,
מזל גדי,,N,,way,,,
מזל דגים,,N,,way,,,
מזל דלי,,N,,way,,,
מזל טלה,,N,,way,,,
מזל מאזניים,,N,,way,,,
מזל סרטן,,N,,way,,,
מזל עקרב,,N,,way,,,
מזל קשת,,N,,way,,,
מזל שור,,N,,way,,,
מזל תאומים,,N,,way,,,
מזרחי,,,,way,,,
"מח""ל",,,,way,,,
מחנה יוסף,,M,,way,,,
מחרוזת,,N,,way,,,
מטולה,,,,way,,,
מטלון,,,,way,,,
מטמון כהן,,,,way,,,
מיזאן,,,,way,,,
מיטב,,,,way,,,
מיימון,,,,way,,,
"מיכ""ל",,,,way,,,
מיכאל נאמן,,M,,way,,,
מיכה,,M,,way,,,
מיכלאנג'לו,,M,,way,,,
מינץ,,,,way,,,
מינקובסקי,,,,way,,,
מיצקביץ',,,,way,,,
מיקוניס שמואל,,M,,way,,,
מירון,,,,way,,,
מכלל יופי,,,,way,,,
"מל""ן",,,,way,,,
מלאכי,,,,way,,,
"מלבי""ם",,,,way,,,
מלכי ישראל,,,,way,,,
מלצ'ט,,,,way,,,
מלקוש,,,,way,,,
מנדלי מוכר ספרים,,M,,way,,,
מנדלסון,,M,,way,,,
מנדלקרן,,,,way,,,
מנדלשטם,,,,way,,,
מנדס פראנס,,,,way,,,
מנהרת עוזי חיטמן,,M,,way,,,
מנהרת קרליבך,,M,,way,,,
מנוחה,,N,,way,,,
מנורה,,N,,way,,,
מנורת המאור,,N,,way,,,
מנחם ארבר,,M,,way,,,
מנחם מדמון,,M,,way,,,
מנחם מנדל בייליס,,M,,way,,,
מנחם ריבולוב,,M,,way,,,
מניה וישראל שוחט,,,,way,,,
מנשה בן ישראל,,M,,way,,,
מסילה א,,N,,way,,,
מסילה ב,,N,,way,,,
מסילת העולים,,N,,way,,,
מסילת וולפסון,,M,,way,,,
מסילת ישרים,,N,,way,,,
מסילת עולם,,N,,way,,,
מסלול החושים האתגרי,,N,,way,,,
מעבר יבוק,,,,way,,,
מעון,,,,way,,,
מענית,,,,way,,,
מעפילי אגוז,,,,way,,,
מעפילי סלואדור,,,,way,,,
מצדה,,N,,way,,,
מצובה,,,,way,,,
"מצודת בית""ר",,,,way,,,
מצפה,,N,,way,,,
מקוה ישראל,,,,way,,,
מקווה ישראל,,,,way,,,
מקור חיים,,,,way,,,
מקס ברוד,,M,,way,,,
מקראי קדש,,,,way,,,
מרגולין,,M,,way,,,
מרגוע,,N,,way,,,
מרד גטו ורשה,,,,way,,,
מרדור מוניה,,,,way,,,
מרדכי אלקחי,,M,,way,,,
מרדכי אנילביץ',,M,,way,,,
מרדכי בנטוב,,M,,way,,,
מרדכי זעירא,,M,,way,,,
מרדכי מאייר,,M,,way,,,
מרדכי מקלף,,M,,way,,,
מרדכי רומנו,,M,,way,,,
מרזוק ועזר,,,,way,,,
מרחביה,,,,way,,,
מרים החשמונאית,,FF,,way,,,
מרכולת,,,,way,,,
מרכז בעלי מלאכה,,N,,way,,,
מרמורק,,,,way,,,
מרסל ינקו,,M,,way,,,
מרק שגאל,,M,,way,,,
מרתון,,,,way,,,
משגב עם,,,,way,,,
משה ארם,,M,,way,,,
משה ברזאני,,M,,way,,,
משה בריל,,M,,way,,,
משה הלוי,,M,,way,,,
משה הס,,M,,way,,,
משה וילנסקי,,M,,way,,,
משה זכות,,M,,way,,,
משה מאור,,M,,way,,,
משה פרלוק,,M,,way,,,
משה קול,,M,,way,,,
משה שלוש,,M,,way,,,
משה שמיר,,M,,way,,,
משה שרת,,M,,way,,,
משמר הגבול,,N,,way,,,
משמר הירדן,,N,,way,,,
משעול יוסף שמידט,,M,,way,,,
משעול יעקב,,M,,way,,,
משעול שירה,,,,way,,,
מתתיהו כהן גדול,,M,,way,,,
מתתיהו שוהם,,M,,way,,,
"נ""ה",,,,way,,,
"נ""ז",,,,way,,,
"נ""ח",,,,way,,,
"נ""ט",,,,way,,,
"נ""ס",,,,way,,,
נאדיה חילו,,F,,way,,,
נאמן יובל פרופסור,,M,,way,,,
נבטים,,N,,way,,,
נג'ארה,,,,way,,,
נגבה,,N,,way,,,
נגיב מחפוז,,,,way,,,
נדב,,M,,way,,,
נהלל,,,,way,,,
נהרדעא,,,,way,,,
נהריים,,,,way,,,
נווה צדק,,N,,way,,,
נווה שאנן,,,,way,,,
נווה שלום,,N,,way,,,
נועם,,M,,way,,,
נוריאל,,,,way,,,
נורית,,FF,,way,,,
נח,,M,,way,,,
נחום גוטמן,,M,,way,,,
נחום גולדמן,,M,,way,,,
נחום הנביא,,M,,way,,,
נחום וינשטיין,,M,,way,,,
נחום סוקולוב,,M,,way,,,
נחייסי,,,,way,,,
נחל איילון,,N,,way,,,
נחל הבשור,,N,,way,,,
נחל עוז,,N,,way,,,
נחל שורק,,N,,way,,,
נחלאות,,N,,way,,,
נחליאל,,,,way,,,
נחלת יצחק,,M,,way,,,
נחמה,,F,,way,,,
נחמיה,,,,way,,,
נחמן מברסלב,,M,,way,,,
נחמני,,,,way,,,
נחשון,,,,way,,,
נטע,,,,way,,,
נטעים,,,,way,,,
"ניל""י",,,,way,,,
ניסים אלוני,,M,,way,,,
ניסן כהן,,M,,way,,,
ניסנבוים,,M,,way,,,
ניצנה,,,,way,,,
ניר עם,,N,,way,,,
נירים,,,,way,,,
"נלי זק""ש",,,,way,,,
נמירובר,,,,way,,,
נמל יפו,,N,,way,,,
נמל תל אביב,,N,,way,,,
נס הרים,,N,,way,,,
נס לגויים,,N,,way,,,
נס ציונה,,N,,way,,,
נסאר ג'ורג',,M,,way,,,
נעמן,,,,way,,,
נפחא,,,,way,,,
נצח ישראל,,N,,way,,,
נרדור,,,,way,,,
נרדי נחום,,M,,way,,,
נתיב המזלות,,N,,way,,,
נתיבות,,N,,way,,,
נתן,,M,,way,,,
נתן אלבז,,M,,way,,,
נתן החכם,,M,,relation,,,
"ס""ה",,,,way,,,
"ס""ו",,,,way,,,
סביון,,N,,way,,,
סג'רה,,,,way,,,
סגולה,,,,way,,,
סהרון,,,,way,,,
סוטין,,M,,way,,,
סומקן,,,,way,,,
סוסקין,,,,way,,,
סוקרטס,,,,way,,,
סטארה,,,,way,,,
סטימצקי אביגדור,,M,,way,,,
סטפן צווייג,,M,,way,,,
סיוון,,,,way,,,
סייפן,,,,way,,,
סימטת בארי,,,,way,,,
סימטת לטריס,,,,way,,,
סימן טוב,,M,,way,,,
סירקין,,,,way,,,
סלוודור,,,,way,,,
סלומון,,M,,way,,,
סלונימסקי,,,,way,,,
סלסלה,,,,way,,,
סםטת תחכמוני,,,,way,,,
סמדר,,N,,way,,,
סמולנסקין,,,,way,,,
סמטה אלמונית,,F,,way,,,
סמטה פלונית,,F,,way,,,
סמטת איתן,,M,,way,,,
סמטת אלו מציאות,,,,way,,,
סמטת אסירי ציון,,,,way,,,
סמטת בית השואבה,,,,way,,,
סמטת גור אריה,,,,way,,,
סמטת הגינה,,N,,way,,,
סמטת החובבים,,N,,way,,,
סמטת החרמון,,N,,way,,,
סמטת הכרמל,,N,,way,,,
סמטת הר ציון,,N,,way,,,
"סמטת הש""ך",,M,,way,,,
סמטת השוק,,N,,way,,,
סמטת זנגביל,,N,,way,,,
סמטת זרת,,N,,way,,,
סמטת כביר,,,,way,,,
סמטת מיכה,,M,,way,,,
סמטת מלילות,,,,way,,,
סמטת מסלול,,N,,way,,,
סמטת משמר הירדן,,N,,way,,,
סמטת נוה צדק,,N,,way,,,
סמטת נורדאו,,,,way,,,
סמטת עובד,,,,way,,,
סמטת ענתבי,,,,way,,,
סמטת שבזי,,M,,way,,,
סמטת שלוש,,,,way,,,
"סמטת שפ""ר",,,,way,,,
סמטת שרה עזריהו,,F,,way,,,
סמטת שרירא,,,,way,,,
סמטת תעוז,,,,way,,,
סמילנסקי,,,,way,,,
סנהדרין,,,,way,,,
סנפיר,,N,,way,,,
סעדיה גאון,,M,,way,,,
ספיר ברוך,,,,way,,,
סר ג'ון מונש,,M,,way,,,
סר ווינסטון צ'רצ'יל,,M,,way,,,
עבאס,,,,way,,,
עבד אל גני,,M,,way,,,
עבד אל ראוף אלביטאר,,M,,way,,,
עבודת ישראל,,,,way,,,
עברי,,,,way,,,
עגור,,,,way,,,
עדה,,,,way,,,
עדולם,,,,way,,,
עובד,,,,way,,,
עובדיה הנביא,,M,,way,,,
עובדיה מברטנורה,,M,,way,,,
עודד,,M,,way,,,
עוזי חיטמן,,M,,way,,,
עוזר,,,,way,,,
עולי הגרדום,,,,way,,,
עולי ציון,,,,way,,,
עולש,,,,way,,,
עומרי,,,,way,,,
עופר כהן,,M,,way,,,
עזאי,,,,way,,,
עזה,,,,way,,,
עזרא הסופר,,M,,way,,,
עזריה,,,,way,,,
עטרות,,,,way,,,
עיינות,,,,way,,,
עין גב,,N,,way,,,
עין גדי,,N,,way,,,
עין גנים,,N,,way,,,
עין הקורא,,,,way,,,
עין ורד,,N,,way,,,
עין זיתים,,N,,way,,,
עין חרוד,,N,,way,,,
עין יעקב,,M,,way,,,
עיר שמש,,N,,way,,,
עירית,,,,way,,,
על פרשת דרכים,,N,,way,,,
עלומים,,,,way,,,
עליית הנוער,,,,way,,,
עם ישראל חי,,,,relation,,,
עמדן,,,,way,,,
עמוס,,,,way,,,
עמיחי יהודה,,M,,way,,,
עמיחי פאגלין,,M,,way,,,
עמינדב,,M,,way,,,
עמיעד,,M,,way,,,
עמיקם,,M,,way,,,
עמישב,,M,,way,,,
עמנואל טובים,,M,,way,,,
עמנואל עמירן פוגצ'וב,,M,,way,,,
עמק איילון,,N,,way,,,
עמק ברכה,,N,,way,,,
עמרם גאון,,M,,way,,,
ענתות,,,,way,,,
עציון גבר,,,,way,,,
עצמון,,,,way,,,
עקיבא ברון,,M,,way,,,
ערבי נחל,,,,way,,,
עשהאל,,,,way,,,
עשר טחנות,,N,,way,,,
"פ""ד",,,,way,,,
פאול צלאן,,M,,way,,,
"פאמפטרק ת""א",,,,way,,,
פאת השולחן,,N,,way,,,
פברגט אנריקה,,,,way,,,
פוזננסקי,,,,way,,,
פומבדיתא,,,,way,,,
פועה,,F,,way,,,
פופר לינקאוס יוסף,,M,,way,,,
פוריה,,,,way,,,
פושקין,,,,way,,,
פחד יצחק,,,,way,,,
פטאי,,,,way,,,
פטרסון,,,,way,,,
פיארברג,,,,way,,,
פייבל,,,,way,,,
פיין,,,,way,,,
פיכמן,,,,way,,,
פילדלפיה,,N,,way,,,
פילון,,,,way,,,
פיליכובסקי,,,,way,,,
פינלס,,,,way,,,
פינס,,,,way,,,
פינסקר,,,,way,,,
פיקוס,,,,way,,,
פישמן מיימון,,M,,way,,,
פלג,,,,way,,,
פלוגות,,N,,way,,,
פלורנטין,,,,way,,,
פלטיאל,,M,,way,,,
פליטי הספר,,,,way,,,
פלקירה,,,,way,,,
פנואל,,,,way,,,
פנחס בן יאיר,,M,,way,,,
פנחס ספיר,,M,,way,,,
פנץ נתן,,M,,way,,,
פנקס,,,,way,,,
פסטלוצי,,,,way,,,
פעמונית,,N,,way,,,
פקיעין,,,,way,,,
פראג,,N,,way,,,
פראנצויז,,,,way,,,
פראנקל,,,,way,,,
פרוג,,,,way,,,
פרופ שור,,,,way,,,
פרופ' פנינה זלצמן,,F,,way,,,
פרזון,,,,way,,,
פרחי אביב,,,,way,,,
פרי מגדים,,,,way,,,
פרי עץ חיים,,N,,way,,,
פרידמן שרגא,,M,,way,,,
פרישמן,,,,way,,,
פרנץ קפקא,,M,,way,,,
פרנקפורט,,N,,way,,,
פרץ חיות,,M,,way,,,
פרץ מרקיש,,,,way,,,
פתחיה מרגנשבורג,,,,way,,,
צ'יאונה סמפו סוגיהרה,,,,way,,,
צ'לנוב,,,,way,,,
צ'מרינסקי,,,,way,,,
צבי ברוק,,M,,way,,,
צבי הרמן סגל,,M,,way,,,
צבי הרמן שפירא,,M,,way,,,
צבי נשרי,,M,,way,,,
צבי סטרכילביץ,,M,,way,,,
צבי פרופס,,M,,way,,,
צבי פרידלנד,,M,,way,,,
צבי פרייגרזון,,M,,way,,,
צבי צור (צ'רה),,M,,way,,,
צביה לובטקין,,M,,way,,,
צדוק הכהן,,M,,way,,,
"צה""ל",,,,way,,,
צהלון הרופא,,M,,way,,,
צויפל,,,,way,,,
צונזר,,,,way,,,
צונץ,,,,way,,,
צופית,,,,way,,,
צוקרמן,,,,way,,,
צורישדי,,,,way,,,
צידון,,,,way,,,
"ציהתל""י",,,,way,,,
צייטלין,,,,way,,,
צלילי חנינא,,,,way,,,
צמחי היהודים,,N,,way,,,
צנובר,,N,,way,,,
צפניה,,,,way,,,
צפריר,,,,way,,,
צפת,,N,,way,,,
צקלג,,,,way,,,
צריפין,,,,way,,,
צרעה,,,,way,,,
"ק""ם",,,,way,,,
קדומים,,,,way,,,
קדושי השואה,,,,way,,,
קדם,,,,way,,,
קדמיאל,,,,way,,,
קדש ברנע,,,,way,,,
קהילת אודסה,,,,way,,,
קהילת אוסטרליה,,,,way,,,
קהילת בודפשט,,,,way,,,
קהילת ביאליסטוק,,,,way,,,
קהילת בריסק,,,,way,,,
קהילת ונציה,,,,way,,,
קהילת ורשה,,,,way,,,
קהילת ז'יטומיר,,,,way,,,
קהילת זגלמביה,,,,way,,,
קהילת טשרנוביץ,,,,way,,,
קהילת יאסי,,,,way,,,
קהילת לבוב,,,,way,,,
קהילת לודז',,,,way,,,
קהילת מקסיקו,,,,way,,,
קהילת ניו יורק,,,,way,,,
קהילת סופיה,,,,way,,,
קהילת סלוניקי,,,,way,,,
קהילת עדן,,,,way,,,
קהילת פאדובה,,,,way,,,
קהילת פוזנה,,,,way,,,
קהילת קובנה,,,,way,,,
קהילת קייב,,,,way,,,
קהילת קישינב,,,,way,,,
קהילת קליבלנד,,,,way,,,
קהילת קנדה,,,,way,,,
קהילת קרקוב,,,,way,,,
קהילת רזיסטנסיה,,,,way,,,
קהילת ריגה,,,,way,,,
קוממיות,,,,way,,,
קומפרט,,,,way,,,
קוסובסקי,,,,way,,,
קור פאול (קורנובסקי),,M,,way,,,
קורדובה,,,,way,,,
קורדוברו,,,,way,,,
קורולנקו,,,,relation,,,
קורט טוכולסקי,,M,,way,,,
קורצ'אק יאנוש,,M,,way,,,
קורקידי,,,,way,,,
קיבוץ גלויות,,N,,way,,,
קידרון,,,,way,,,
קיוסו אלברט,,M,,way,,,
קיי דני (קמינסקי),,M,,way,,,
קיצור לבית הספר,,,,way,,,
קיציס,,,,way,,,
קיש,,,,way,,,
קלאוזנר,,,,way,,,
קלונימוס,,,,way,,,
קליי,,,,way,,,
קלישר,,,,way,,,
קלמן,,,,way,,,
קלמר משה,,M,,way,,,
קלצ'קין,,,,way,,,
קמה,,,,way,,,
קמואל,,,,way,,,
קמינסקה,,,,way,,,
קנטור,,,,way,,,
קפלנסקי,,,,way,,,
קפריסין,,,,way,,,
קצנלסון יצחק,,M,,way,,,
קרויס,,,,way,,,
קריית שאול,,M,,way,,,
קרייתי,,,,way,,,
קרית ספר,,,,way,,,
קרל נטר,,M,,way,,,
קרליבך,,M,,way,,,
קרן היסוד,,,,way,,,
קרפל ליפא,,M,,way,,,
קרשקש,,,,way,,,
"ראב""ד",,,,way,,,
ראובן רובין,,M,,way,,,
ראול ולנברג,,M,,way,,,
ראם,,,,way,,,
ראסין ז'אן,,,,way,,,
ראש פינה,,N,,way,,,
ראשון לציון,,N,,way,,,
ראשונים,,N,,way,,,
ראשית חכמה,,N,,way,,,
רב אלוף דוד אלעזר,,M,,way,,,
רב אשי,,,,way,,,
רב האי גאון,,,,way,,,
רב החובל,,,,way,,,
רב צעיר,,,,way,,,
רבדים,,,,way,,,
רבי אדא,,M,,way,,,
רבי אחא,,M,,way,,,
רבי חנינא,,M,,way,,,
רבי יהודה חסיד,,M,,way,,,
רבי יוחנן,,M,,way,,,
רבי מאיר,,M,,way,,,
רבי מאיר בעל הנס,,M,,way,,,
רבי משה בן עזרא,,M,,way,,,
רבי נחמן,,M,,way,,,
רבי עקיבא,,M,,way,,,
רבי פנחס,,M,,way,,,
רבי תנחום,,M,,way,,,
רביבים,,,,way,,,
רבינא,,FF,,way,,,
רבן גמליאל,,M,,way,,,
רבנו חננאל,,M,,way,,,
רבנו ירוחם,,M,,way,,,
רבנו תם,,M,,way,,,
רבניצקי,,,,way,,,
רבקה גובר,,F,,way,,,
רבקה ושמעון אבולעפיה,,F,,way,,,
רבקה זיו,,F,,way,,,
רדינג,,,,way,,,
רודנסקי,,,,way,,,
רוזאניס,,,,way,,,
רוזוב,,,,way,,,
רוזנבאום,,,,way,,,
רוזנבלט,,,,way,,,
רוחמה,,F,,way,,,
רוטנשטרייך,,,,way,,,
רויגו,,,,way,,,
רוממה,,,,way,,,
רומן רולן,,,,way,,,
רוני,,,,way,,,
רוסלאן,,,,way,,,
רופא המחתרות,,M,,way,,,
רופין,,,,relation+way,,,
רות,,F,,way,,,
רות רובין-פלד,,F,,way,,,
רזי,,,,way,,,
רחבעם זאבי,,M,,way,,,
רחבת אנדרומדה,,,,way,,,
רחבת אריה אלחנני,,M,,relation,,,
רחבת בית המכס,,N,,way,,,
"רחבת הי""א",,,,way,,,
רחבת הסינימטק,,N,,way,,,
רחבת הסינמטק,,NN,,way,,,
רחבת יוסף תמיר,,M,,way,,,
רחל,,F,,way,,,
רחל ושמואל אידלסון,,,,way,,,
"רי""ז",,,,way,,,
"ריב""ל",,,,way,,,
רייך,,,,way,,,
ריינס,,,,way,,,
רייס,,,,way,,,
רינגלבלום,,,,way,,,
רינהרט מקס,,M,,way,,,
ריש גלותא,,,,way,,,
"רלב""ג",,,,way,,,
"רמב""ם",,M,,way,,,
רמברנדט,,M,,way,,,
רמה,,,,way,,,
רמות נפתלי,,M,,way,,,
"רמח""ל",,,,way,,,
רמת השרון,,,,relation,,,
"רנ""ק",,,,way,,,
רענן,,,,way,,,
רפאל פוזיילוב,,M,,way,,,
רפידים,,,,way,,,
רצון,,,,way,,,
רציף העלייה השנייה,,,,way,,,
רקנאטי,,,,way,,,
"רש""י",,M,,way,,,
רשף,,,,way,,,
רשפים,,,,way,,,
"ש""י",,,,way,,,
"ש""ץ",,M,,way,,,
ש''י עגנון,,M,,way,,,
ש. גנני,,,,way,,,
שאול אביגור,,M,,way,,,
שאר ישוב,,,,way,,,
שארית ישראל,,,,way,,,
שבזי,,M,,way,,,
שבח,,,,way,,,
שבט,,,,way,,,
שבטי ישראל,,,,way,,,
שביב,,,,way,,,
שביל אופנידן איילון,,M,,way,,,
שביל בן זאב,,M,,way,,,
שביל בן יעקב,,M,,way,,,
שביל גוטלובר,,,,way,,,
שביל גינצבורג,,,,way,,,
שביל גרינבוים,,,,way,,,
שביל דרך הגבורה,,N,,way,,,
שביל האור,,N,,way,,,
שביל האטד,,,,way,,,
שביל החלב,,N,,way,,,
שביל המפעל,,,,way,,,
שביל המרץ,,N,,way,,,
שביל ז'בוטינסקי,,M,,way,,,
שביל יונתן,,M,,way,,,
שביל עכו,,N,,way,,,
שביל רדינג,,,,way,,,
שביל תנועות הנוער,,,,way,,,
שבלים,,N,,way,,,
שבעת השיקמים,,N,,way,,,
שבתאי,,,,way,,,
שבתאי דון-יחא,,M,,way,,,
שגאל מרק,,M,,way,,,
שגב,,,,way,,,
"שד""ל",,M,,way,,,
שדמי נחום,,M,,way,,,
שדרות אלכסנדר ואנטוני מוקסל,,M,,relation,,,
שדרות בן גוריון,,M,,relation,,,
שדרות בן ציון,,M,,way,,,
שדרות דוד המלך,,M,,way,,,
שדרות דוד וצפורה פדרמן,,,,way,,,
"שדרות הבעש""ט",,,,way,,,
שדרות ההשכלה,,N,,way,,,
שדרות הותיקים,,N,,way,,,
"שדרות החי""ל",,,,way,,,
שדרות היוצ''ר,,,,way,,,
שדרות המעפילים,,,,way,,,
שדרות הנביאים,,N,,way,,,
שדרות הציונות,,N,,way,,,
שדרות הר ציון,,N,,way,,,
שדרות השושנים,,N,,way,,,
שדרות וושינגטון,,M,,way,,,
"שדרות חב""ד",,,,way,,,
שדרות חכמי ישראל,,,,way,,,
שדרות חכמי לובלין,,,,way,,,
שדרות יד לבנים,,,,way,,,
שדרות יהודית,,F,,way,,,
שדרות ירושלים,,N,,way,,,
שדרות ישראל גורי,,M,,way,,,
שדרות לוי אשכול,,M,,way,,,
שדרות מוצקין,,M,,way,,,
שדרות מסריק,,,,way,,,
שדרות נורדאו,,,,way,,,
שדרות סמאטס,,,,way,,,
שדרות עמנואל הרומי,,M,,way,,,
שדרות ששת הימים,,N,,way,,,
"שדרות תרס""ט",,N,,way,,,
שולמית,,F,,way,,,
שולמן,,,,way,,,
שונצ'ינו,,,,way,,,
שונצינו,,,,way,,,
שוסטקוביץ' דמיטרי,,M,,way,,,
שוקן זלמן,,M,,way,,,
שורשים,,N,,way,,,
שושנה דואר,,F,,way,,,
שושנה פרסיץ,,F,,way,,,
"שז""ר",,,,way,,,
"שח""ל",,,,way,,,
שטיבל,,,,way,,,
שטיין,,,,way,,,
שטיינברג,,,,way,,,
שטיינשניידר,,,,way,,,
שטנד,,,,way,,,
שטראוס,,,,way,,,
שטרוק,,,,way,,,
שטריקר,,,,way,,,
שטרית,,,,way,,,
שטרן,,,,way,,,
שטרן איזק,M,,,way,,,
שטרנהרץ,,,,way,,,
"שי""ר",,,,way,,,
שיבולים,,N,,way,,,
שיבת ציון,,N,,way,,,
שייקה אופיר,,M,,way,,,
שייקה דן,,M,,way,,,
שילה,,,,way,,,
שיפר,,,,way,,,
שיק,,,,way,,,
"של""ג",,,,relation,,,
שלבים,,,,way,,,
שלוחות,,,,way,,,
שלום אש,,N,,way,,,
שלום עליכם,,M,,way,,,
שלום רוזנפלד,,M,,way,,,
שלומציון המלכה,,F,,way,,,
שלושת החיצים,,N,,way,,,
שלזינגר,,,,way,,,
שלמה בובר,,M,,way,,,
שלמה בן יוסף,,M,,way,,,
שלמה המלך,,M,,way,,,
שלמה ליענר,,M,,way,,,
שלמה קפלן,,M,,way,,,
שלמה רובין,,M,,way,,,
שלמה שילר,,M,,way,,,
שלמון,,,,way,,,
שם הגדולים,,,,way,,,
שמגר,,,,way,,,
שמואל בן עדיה,,M,,way,,,
שמואל ברקאי,,M,,way,,,
שמואל הנגיד,,M,,way,,,
שמואל ירחינאי,,M,,way,,,
שמואל כהן יוחננוף,,M,,way,,,
שמואל רומנילי,,M,,way,,,
שמואל שניצר,,M,,way,,,
שמואל תמיר,,M,,way,,,
שמוליק סגל,,M,,way,,,
שמחה,,,,way,,,
שמחה בלאס,,,,way,,,
שמחה הולצברג,,,,way,,,
שמיר,,M,,way,,,
שמעון בן שטח,,M,,way,,,
שמעון ברנפלד,,M,,way,,,
שמעון הבורסקאי,,M,,way,,,
שמעון הצדיק,,M,,way,,,
שמעון התרסי,,M,,way,,,
שמעון סאמט,,M,,way,,,
שמעון פינקל,,M,,way,,,
שמעון צדיק,,M,,way,,,
שמעון רוקח,,M,,way,,,
שמעוני,,,,way,,,
שמעיה,,,,way,,,
שמריהו לוין,,M,,way,,,
שמרלינג,,,,way,,,
שמשון,,M,,way,,,
שניאור,,,,way,,,
שניצלר,,,,way,,,
שניר,,,,way,,,
שנקר,,,,way,,,
שער הגיא,,N,,way,,,
שער ציון,,N,,way,,,
שערי ניקנור,,,,way,,,
שערי תשובה,,N,,way,,,
"שפ""ר",,,,way,,,
שפייה,,,,way,,,
שפינוזה,,M,,way,,,
שפע טל,,N,,way,,,
שפרינצק,,,,way,,,
שפתי ישנים,,N,,way,,,
שקד,,N,,way,,,
שריד,,N,,way,,,
שרירא גאון,,F,,way,,,
שרעבי,,,,way,,,
ששון,,,,way,,,
שתולים,,N,,way,,,
שתי האחיות,,F,,way,,,
תבואות הארץ,,N,,way,,,
תג'ר ציונה,,F,,way,,,
תובל,,,,way,,,
תוספתא,,,,way,,,
תוצרת הארץ,,N,,way,,,
תושיה,,N,,way,,,
תות,,N,,way,,,
תחכמוני,,,,way,,,
תירוש,,N,,way,,,
תל ברוך,,,,way,,,
תל גיבורים,,,,way,,,
תל חי,,,,way,,,
תמוז,,N,,way,,,
תמנע,,N,,way,,,
תמריר,,,,way,,,
תפוח,,N,,way,,,
תקוע,,,,way,,,
תרדיון,,,,way,,,
"תרמ""ב",,,,way,,,
"תרפ""א",,,,way,,,
תרצה,,,,way,,,
תרצ״ו,,,,way,,,
"תש""ח",,N,,way,,,
תשבי,,,,way,,,
תשרי,,N,,way,,,
תש״ח,,N,,way,,,
׳דליה רביקוביץ,F,,,way,,,